Date,AAPL,ABBV,AMAT,AMD,AMGN,AMZN,ARM,ASML,AVGO,BAC,CAT,COST,CSCO,CVX,GOOG,GOOGL,INTC,JNJ,JPM,KLAC,KO,LIN,LLY,LRCX,META,MRK,MRVL,MSFT,MU,NFLX,NVDA,ORCL,PANW,PLTR,SNDK,SPCX,TSLA,TXN,V,WMT,XOM
2025-09-19,244.59646606445312,215.7760009765625,189.05433654785156,157.38999938964844,277.7063293457031,231.47999572753906,142.91000366210938,926.0504760742188,342.43096923828125,51.159488677978516,462.37786865234375,945.642578125,66.8262710571289,150.28794860839844,254.57542419433594,254.0592803955078,29.579999923706055,172.3069305419922,308.87103271484375,103.9203872680664,64.70977020263672,472.5989074707031,747.2769775390625,126.22142791748047,775.837158203125,79.18482208251953,74.10213470458984,513.703369140625,162.46922302246094,122.6969985961914,176.2477264404297,305.181640625,208.19000244140625,182.38999938964844,102.20999908447266,,426.07000732421875,174.84210205078125,338.89959716796875,101.47561645507812,109.64228057861328
2025-09-22,255.1374969482422,215.8924102783203,199.41702270507812,159.7899932861328,278.2804260253906,227.6300048828125,144.47999572753906,951.5325927734375,336.9019775390625,50.83637237548828,467.8882751464844,937.7883911132812,66.37560272216797,150.13401794433594,252.22157287597656,251.87496948242188,28.760000228881836,170.37057495117188,306.5749816894531,106.55020904541016,64.4954605102539,471.36566162109375,750.2184448242188,131.4723663330078,763.175048828125,78.10648345947266,75.36942291259766,510.25189208984375,164.356201171875,122.73699951171875,183.17115783691406,324.4519958496094,208.17999267578125,179.3300018310547,102.91999816894531,,434.2099914550781,175.0857696533203,341.6278076171875,101.9615249633789,108.86480712890625
2025-09-23,253.49359130859375,215.91180419921875,199.76507568359375,160.89999389648438,279.0685729980469,220.7100067138672,140.99000549316406,957.2052001953125,337.0511169433594,50.62096405029297,467.0557556152344,938.1264038085938,66.16986083984375,151.45205688476562,251.68295288085938,251.00721740722656,29.34000015258789,172.68833923339844,306.8693542480469,106.54524230957031,64.98251342773438,473.5164794921875,742.2984008789062,131.20384216308594,753.4404296875,77.67903900146484,74.46135711669922,505.0744323730469,166.14334106445312,121.84700012207031,178.00352478027344,310.2933654785156,203.25,182.5500030517578,106.4000015258789,,425.8500061035156,177.4447021484375,336.0127258300781,101.66402435302734,110.74044036865234
2025-09-24,251.38140869140625,213.3706512451172,200.3319549560547,160.8800048828125,271.6834411621094,220.2100067138672,144.3000030517578,940.7437744140625,337.4190673828125,50.62096405029297,465.598876953125,939.7868041992188,65.9543228149414,153.1453399658203,247.18472290039062,246.4989471435547,31.219999313354492,172.79591369628906,307.5365905761719,106.29358673095703,64.72924041748047,467.7842102050781,737.2005615234375,127.86572265625,758.686767578125,77.3973159790039,79.91973114013672,505.9869079589844,161.4508819580078,120.3949966430664,176.54701232910156,304.98388671875,200.6999969482422,179.55999755859375,99.83000183105469,,442.7900085449219,179.7841339111328,335.99285888671875,101.87227630615234,111.33326721191406
2025-09-25,255.9246063232422,211.96426391601562,198.50209045410156,161.27000427246094,263.86041259765625,218.14999389648438,140.64999389648438,943.3366088867188,334.2269592285156,50.76782989501953,459.5830078125,937.838134765625,66.47357177734375,154.626953125,245.92799377441406,245.1524200439453,33.9900016784668,173.81297302246094,307.5660400390625,105.34172821044922,64.27142333984375,467.43890380859375,710.1114501953125,127.6763916015625,746.96728515625,75.38636016845703,83.63182067871094,502.8923645019531,156.57867431640625,120.8239974975586,177.26531982421875,288.0469055175781,202.2100067138672,179.1199951171875,94.29000091552734,,423.3900146484375,177.4447021484375,332.2726135253906,102.18961334228516,112.33424377441406
2025-09-26,254.51980590820312,213.9719696044922,202.79830932617188,159.4600067138672,265.6119079589844,219.77999877929688,139.6199951171875,945.2937622070312,332.66571044921875,51.12031936645508,461.6048583984375,910.6369018554688,65.85635375976562,154.08819580078125,246.53639221191406,245.90049743652344,35.5,175.74935913085938,310.1270446777344,105.85794067382812,63.969444274902344,468.06048583984375,719.9990234375,127.87568664550781,741.8206787109375,76.31897735595703,82.99317932128906,507.28619384765625,157.0179901123047,121.06099700927734,177.7641143798828,280.2656555175781,202.3699951171875,177.57000732421875,97.12000274658203,,440.3999938964844,179.891357421875,334.69329833984375,102.29869079589844,113.91834259033203
2025-09-29,253.49359130859375,216.44525146484375,203.82266235351562,161.36000061035156,266.57513427734375,222.1699981689453,139.8000030517578,956.3110961914062,326.0726318359375,51.32593536376953,467.40264892578125,911.5514526367188,66.34619903564453,150.18211364746094,243.72373962402344,243.4169464111328,34.47999954223633,177.61727905273438,309.7640075683594,105.84203338623047,64.32986450195312,470.11260986328125,721.956787109375,130.6259002685547,741.4715576171875,76.33840942382812,82.21482849121094,510.4005432128906,163.63734436035156,120.64099884033203,181.41537475585938,279.5735168457031,203.9600067138672,178.86000061035156,113.5,,443.2099914550781,178.60464477539062,337.4611511230469,102.2193603515625,111.00284576416016
2025-09-30,253.69287109375,224.57308959960938,203.6138153076172,161.7899932861328,274.5830383300781,219.57000732421875,141.49000549316406,961.75537109375,328.0714416503906,50.51326370239258,472.8932189941406,920.2606811523438,67.0320053100586,149.40281677246094,242.91586303710938,242.46942138671875,33.54999923706055,181.33352661132812,309.50885009765625,107.28125,64.60260772705078,468.6426086425781,758.218017578125,133.4259490966797,732.4749755859375,81.5357894897461,83.89126586914062,513.7232666015625,167.0518798828125,119.89199829101562,186.13406372070312,278.0706481933594,203.6199951171875,182.4199981689453,112.19999694824219,,444.7200012207031,179.09202575683594,338.67144775390625,102.19953155517578,109.57425689697266
2025-10-01,254.5098419189453,237.02674865722656,216.54229736328125,164.00999450683594,290.44305419921875,220.6300048828125,150.3800048828125,996.7051391601562,331.53204345703125,49.62225341796875,476.5304870605469,912.018798828125,67.35530853271484,148.71974182128906,244.9006805419922,244.26473999023438,35.939998626708984,181.94961547851562,304.8774719238281,112.28128814697266,65.05070495605469,460.56219482421875,820.2467651367188,142.28448486328125,715.4791870117188,87.55892944335938,83.7116470336914,515.4689331054688,181.85809326171875,117.08999633789062,186.79248046875,285.7530822753906,206.8000030517578,184.9499969482422,121.12000274658203,,459.4599914550781,175.8363494873047,345.07025146484375,101.10870361328125,108.83564758300781
2025-10-02,256.18365478515625,229.44204711914062,222.360107421875,169.72999572753906,289.3727722167969,222.41000366210938,152.14500427246094,1023.4290771484375,336.2953186035156,49.426429748535156,486.1934814453125,911.4520874023438,66.92423248291016,147.55560302734375,245.78836059570312,245.0526885986328,37.29999923706055,181.8811798095703,301.7767639160156,113.3147201538086,64.38831329345703,463.1964416503906,814.711669921875,146.46961975097656,725.1640014648438,86.95661926269531,86.01673126220703,511.53131103515625,183.45555114746094,116.25299835205078,188.43853759765625,285.5256652832031,209.3000030517578,187.0500030517578,124.13999938964844,,436.0,177.7176513671875,343.2051696777344,100.85087585449219,108.15536499023438
2025-10-03,257.0703430175781,226.87181091308594,216.3334503173828,164.6699981689453,289.8495178222656,219.50999450683594,152.63999938964844,1025.465576171875,336.4842834472656,49.58308792114258,493.4085693359375,910.0701293945312,66.9439468383789,147.72879028320312,245.8083038330078,244.71360778808594,36.83000183105469,184.48255920410156,304.2102355957031,109.56394958496094,64.92406463623047,460.4832458496094,834.606201171875,145.29379272460938,708.7167358398438,86.64574432373047,86.03669738769531,513.1281127929688,187.64645385742188,115.33200073242188,187.17156982421875,282.9154357910156,207.19000244140625,173.07000732421875,128.41000366210938,,429.8299865722656,175.76812744140625,347.0643310546875,101.21778869628906,110.06987762451172
2025-10-06,255.74526977539062,223.26373291015625,222.67835998535156,203.7100067138672,286.1812438964844,220.89999389648438,156.22000122070312,1036.47314453125,333.6203308105469,49.33830642700195,490.9605712890625,905.6558837890625,67.91973876953125,148.18096923828125,250.85513305664062,249.7803955078125,36.59000015258789,184.01312255859375,304.8511047363281,113.35946655273438,64.38831329345703,462.2789001464844,839.7537841796875,148.62196350097656,713.8035278320312,86.2668685913086,88.73095703125,524.256591796875,190.7733917236328,116.33100128173828,185.09654235839844,288.30401611328125,212.5800018310547,179.52999877929688,121.16999816894531,,453.25,177.22048950195312,346.5087585449219,101.842529296875,110.9833984375
2025-10-07,255.5360870361328,225.8242950439453,210.39627075195312,211.50999450683594,287.5629577636719,221.77999877929688,159.34500122070312,995.7413940429688,334.53521728515625,49.240394592285156,482.3678894042969,909.4934692382812,67.99857330322266,149.0372314453125,246.48654174804688,245.12252807617188,37.16999816894531,184.72705078125,303.3819885253906,107.89196014404297,65.0604476928711,464.07452392578125,838.3427124023438,139.85313415527344,711.230224609375,85.11080932617188,86.78511047363281,519.7039794921875,185.50856018066406,119.10600280761719,184.5977325439453,281.0368347167969,211.0399932861328,182.1699981689453,120.94999694824219,,433.0899963378906,172.58065795898438,349.6238708496094,102.37801361083984,111.04171752929688
2025-10-08,257.1102294921875,224.28211975097656,216.3135528564453,235.55999755859375,286.66778564453125,225.22000122070312,166.77000427246094,981.3462524414062,343.5745544433594,48.799781799316406,497.6404113769531,909.4934692382812,69.31932067871094,147.91159057617188,244.82089233398438,243.98545837402344,37.43000030517578,185.50941467285156,299.7732238769531,105.68885803222656,64.40779876708984,461.5684814453125,840.4194946289062,142.0353546142578,715.9779663085938,83.93533325195312,92.3033447265625,520.56689453125,196.34793090820312,121.42500305175781,188.6580047607422,285.3773498535156,217.7899932861328,183.55999755859375,131.8800048828125,,438.69000244140625,177.0158233642578,348.572265625,102.04086303710938,110.8084716796875
2025-10-09,253.1050262451172,223.74867248535156,219.0882110595703,232.88999938964844,287.4559020996094,227.74000549316406,170.66000366210938,974.1238403320312,343.09722900390625,48.750831604003906,495.8961181640625,937.4205322265625,68.95463562011719,145.8911895751953,241.57936096191406,240.9034881591797,37.79999923706055,186.8687744140625,301.2522277832031,104.78174591064453,64.65131378173828,452.0279541015625,849.9892578125,140.50082397460938,731.607177734375,85.00394439697266,90.48721313476562,518.136962890625,192.14205932617188,123.10700225830078,192.1097412109375,294.12298583984375,215.1699981689453,185.47000122070312,129.67999267578125,,435.5400085449219,174.44247436523438,344.2865295410156,100.92029571533203,109.72974395751953
2025-10-10,244.3673095703125,223.56439208984375,208.79515075683594,214.89999389648438,282.2989807128906,216.3699951171875,154.80999755859375,930.0640258789062,322.82086181640625,47.63462829589844,486.9169616699219,924.615234375,66.96366119384766,143.2550506591797,236.87164306640625,235.95635986328125,36.369998931884766,186.51669311523438,296.67724609375,97.74768829345703,65.30397033691406,447.74609375,828.2662353515625,130.9049072265625,703.4703979492188,83.53702545166016,85.48455810546875,506.790283203125,181.42254638671875,122.00800323486328,182.72222900390625,290.1612243652344,208.5500030517578,175.44000244140625,116.91000366210938,,413.489990234375,167.36570739746094,340.9234619140625,100.98970794677734,107.61114501953125
2025-10-13,246.74851989746094,223.37042236328125,218.27273559570312,216.4199981689453,284.5076599121094,220.07000732421875,171.94000244140625,978.2168579101562,354.7121276855469,47.840240478515625,500.25689697265625,930.133056640625,66.49055480957031,146.17982482910156,244.0030059814453,243.51669311523438,37.220001220703125,186.69273376464844,303.6580810546875,101.95001220703125,65.0701904296875,450.5283203125,814.2645874023438,137.32212829589844,713.8433837890625,83.25529479980469,89.25901794433594,509.8550720214844,192.5816192626953,121.90299987792969,187.86990356445312,305.0674743652344,213.27999877929688,177.2100067138672,134.61000061035156,,435.8999938964844,170.68963623046875,340.5762023925781,101.26737976074219,109.07861328125
2025-10-14,246.8581085205078,222.23562622070312,216.9898223876953,218.08999633789062,285.9185485839844,216.38999938964844,168.16000366210938,976.7465209960938,342.2121887207031,49.04457092285156,522.7643432617188,941.01953125,67.6733169555664,146.61276245117188,245.54898071289062,244.81332397460938,35.630001068115234,186.6438446044922,297.85052490234375,102.02063751220703,65.76179504394531,453.1033630371094,807.2587280273438,137.82034301757812,706.8117065429688,82.28382110595703,86.09365844726562,509.3790283203125,186.877197265625,121.53500366210938,179.59970092773438,296.1435241699219,207.55999755859375,179.74000549316406,127.29000091552734,,429.239990234375,169.54917907714844,345.61590576171875,106.31488037109375,109.12720489501953
2025-10-15,248.42233276367188,220.99493408203125,226.3281707763672,238.60000610351562,289.2948913574219,215.57000732421875,170.6699981689453,1003.2022705078125,349.3720397949219,51.18886184692383,529.2855834960938,949.4503784179688,68.52095794677734,146.34336853027344,251.0546112060547,250.37884521484375,37.150001525878906,186.956787109375,301.40997314453125,108.11774444580078,65.34293365478516,445.378173828125,821.3896484375,144.26744079589844,715.6886596679688,81.71066284179688,88.75975036621094,509.2401428222656,191.75244140625,120.3290023803711,179.4001922607422,300.7193603515625,206.6999969482422,179.6199951171875,144.3000030517578,,435.1499938964844,170.84559631347656,342.947265625,108.11967468261719,108.46635437011719
2025-10-16,246.53929138183594,221.62991333007812,226.4674072265625,234.55999755859375,287.8256530761719,214.47000122070312,171.19000244140625,1012.9183349609375,352.1763610839844,49.38726043701172,536.1339721679688,920.250732421875,68.09713745117188,145.9585418701172,251.22418212890625,250.8077392578125,36.84000015258789,187.8858642578125,294.360107421875,109.29041290283203,65.8397216796875,438.29425048828125,814.24462890625,141.86598205566406,710.2228393554688,81.52606964111328,88.10071563720703,507.4349670410156,202.3320770263672,118.35900115966797,181.37545776367188,310.009765625,205.50999450683594,178.1199951171875,144.27000427246094,,428.75,171.05029296875,332.7389221191406,105.58104705810547,107.52367401123047
2025-10-17,251.36148071289062,224.26759338378906,223.75242614746094,233.0800018310547,290.7446594238281,213.0399932861328,165.61000061035156,1022.534912109375,347.3832092285156,50.20973205566406,522.3778076171875,930.8986206054688,69.12218475341797,147.276611328125,253.1291961669922,252.64297485351562,37.0099983215332,188.9616241455078,293.3938293457031,110.07220458984375,66.66771697998047,444.8552551269531,797.7984008789062,141.00900268554688,715.0602416992188,82.37126159667969,87.82112121582031,509.3888854980469,202.18222045898438,119.93599700927734,182.7821044921875,288.5270080566406,207.88999938964844,178.14999389648438,140.16000366210938,,439.30999755859375,172.12252807617188,339.17742919921875,106.83053588867188,109.07861328125
2025-10-20,261.27484130859375,226.70005798339844,226.87515258789062,240.55999755859375,295.1426696777344,216.47999572753906,171.5,1035.330810546875,347.293701171875,50.9538688659668,527.9536743164062,930.6798706054688,69.63472747802734,148.62351989746094,256.3507995605469,255.88453674316406,38.099998474121094,189.45057678222656,298.1265869140625,114.67040252685547,66.66771697998047,445.51629638671875,803.8900146484375,143.54002380371094,730.2706298828125,83.85761260986328,85.7142105102539,512.57275390625,206.5679473876953,123.85600280761719,182.20347595214844,274.531982421875,211.82000732421875,181.58999633789062,148.0399932861328,,447.42999267578125,175.05654907226562,341.6773986816406,106.15621948242188,109.52565002441406
2025-10-21,261.8028869628906,226.0455322265625,224.75686645507812,238.02999877929688,293.0118103027344,222.02999877929688,169.3800048828125,1018.3128051757812,340.7503967285156,50.44472885131836,521.4633178710938,932.0618286132812,69.70372009277344,147.95968627929688,250.6855926513672,249.81033325195312,38.119998931884766,187.65115356445312,292.9303894042969,114.12732696533203,69.375732421875,444.0561218261719,794.5587768554688,144.52651977539062,731.367919921875,85.12052917480469,84.13652801513672,513.4356079101562,202.09230041503906,124.13500213623047,180.7270050048828,272.5213928222656,214.39999389648438,181.50999450683594,149.2899932861328,,442.6000061035156,176.27499389648438,344.4552001953125,105.33314514160156,109.53536987304688
2025-10-22,257.4988098144531,223.3981170654297,219.34678649902344,230.22999572753906,287.9910583496094,217.9499969482422,165.7100067138672,1004.9508056640625,338.4035339355469,50.03349304199219,510.7885437011719,939.2001953125,69.64458465576172,149.67222595214844,251.8724822998047,251.0371551513672,36.91999816894531,188.68777465820312,289.99212646484375,110.83409118652344,68.9763412475586,443.89825439453125,807.3381958007812,140.7499237060547,731.5075073242188,85.11080932617188,80.93124389648438,516.2921142578125,198.27606201171875,111.63700103759766,179.84912109375,270.05517578125,212.4199981689453,175.49000549316406,146.9499969482422,,438.9700012207031,166.4007110595703,342.6198425292969,106.2454605102539,111.47904205322266
2025-10-23,258.6246337890625,222.97805786132812,227.21327209472656,234.99000549316406,284.9844665527344,221.08999633789062,166.60000610351562,1029.6282958984375,342.3713073730469,50.679710388183594,517.3385620117188,936.5853881835938,69.26017761230469,150.62466430664062,253.06935119628906,252.4235382080078,38.15999984741211,188.2281494140625,290.4161071777344,115.27812194824219,68.12887573242188,444.0561218261719,815.8942260742188,147.01766967773438,732.095947265625,84.69307708740234,82.64871215820312,516.3118896484375,206.5080108642578,111.35900115966797,181.72462463378906,277.3943786621094,215.02000427246094,180.47999572753906,167.0500030517578,,448.9800109863281,167.84335327148438,343.2151184082031,105.96780395507812,112.71326446533203
2025-10-24,261.85272216796875,222.7240753173828,227.49172973632812,252.9199981689453,283.8849792480469,224.2100067138672,170.67999267578125,1026.3399658203125,352.1564636230469,51.472808837890625,519.5549926757812,926.73291015625,69.61500549316406,149.66258239746094,259.8316955566406,259.24578857421875,38.279998779296875,186.2037353515625,296.2334899902344,117.6473388671875,67.90483093261719,440.03070068359375,820.2765502929688,151.14300537109375,736.4446411132812,84.9942398071289,84.00672149658203,519.3370971679688,218.8059844970703,109.46900177001953,185.81480407714844,280.6231994628906,217.11000061035156,184.6300048828125,186.16000366210938,,433.7200012207031,164.86058044433594,344.6238708496094,105.28355407714844,112.13988494873047
2025-10-27,267.8206787109375,222.7631378173828,230.0575408935547,259.6700134277344,283.3011474609375,226.97000122070312,178.6199951171875,1053.0439453125,360.0323181152344,51.91341781616211,523.86865234375,924.4561767578125,70.36408233642578,149.39320373535156,269.2271728515625,268.571533203125,39.540000915527344,186.10597229003906,299.8915710449219,120.86100769042969,68.24575805664062,438.8664855957031,821.2305297851562,156.34454345703125,748.872314453125,85.48968505859375,88.58001708984375,527.1824951171875,219.88491821289062,109.45600128173828,191.03233337402344,278.711669921875,220.2899932861328,189.17999267578125,176.49000549316406,,452.4200134277344,165.13352966308594,345.06036376953125,103.5977554321289,112.67440032958984
2025-10-28,268.00994873046875,222.28443908691406,226.38783264160156,258.010009765625,284.2060852050781,229.25,173.08999633789062,1045.593017578125,370.8914489746094,51.76654815673828,521.284423828125,918.7991943359375,71.576416015625,148.28680419921875,267.7310791015625,266.77618408203125,41.529998779296875,182.8102264404297,301.0845947265625,119.95687866210938,68.34318542480469,436.79461669921875,814.9601440429688,155.06906127929688,749.4906616210938,84.54736328125,88.33037567138672,537.6463623046875,221.6931610107422,110.25,200.54953002929688,278.1471252441406,221.3800048828125,189.60000610351562,175.52999877929688,,460.54998779296875,162.69664001464844,344.1476745605469,102.30860137939453,111.79002380371094
2025-10-29,268.7073974609375,219.9398956298828,234.45323181152344,264.3299865722656,283.8946838378906,230.3000030517578,170.38999938964844,1065.72021484375,383.8289794921875,51.48260498046875,581.9337768554688,907.1272583007812,70.30494689941406,149.22003173828125,274.45355224609375,273.8577880859375,41.34000015258789,182.48751831054688,301.2325134277344,122.86518859863281,66.58003997802734,426.2279357910156,808.4313354492188,160.10118103027344,749.7200927734375,84.11019134521484,90.01789855957031,537.130615234375,226.40853881835938,110.04100036621094,206.545166015625,272.6699523925781,217.16000366210938,198.80999755859375,204.36000061035156,,461.510009765625,156.21449279785156,338.57220458984375,101.60453033447266,113.17002868652344
2025-10-30,270.4011535644531,222.92919921875,231.27084350585938,254.83999633789062,284.1185302734375,222.86000061035156,165.4499969482422,1070.308349609375,374.3719787597656,51.92320251464844,579.6080932617188,914.84228515625,71.86224365234375,147.69992065429688,281.1659851074219,280.7498779296875,40.15999984741211,184.8834991455078,305.10748291015625,120.78939819335938,67.19373321533203,424.1560363769531,839.207275390625,160.43997192382812,664.7410888671875,83.8187484741211,88.44021606445312,521.469482421875,223.79107666015625,108.9000015258789,202.4050750732422,254.43582153320312,218.27000427246094,194.5500030517578,195.82000732421875,,440.1000061035156,156.4582061767578,342.2924499511719,101.37645721435547,111.45960235595703
2025-10-31,269.37493896484375,213.00387573242188,231.8177947998047,256.1199951171875,290.3749084472656,244.22000122070312,169.82000732421875,1054.1658935546875,367.570068359375,52.334442138671875,573.7538452148438,907.4449462890625,72.05937194824219,151.74070739746094,281.08624267578125,280.46063232421875,39.9900016784668,184.7074737548828,306.7639465332031,120.22542572021484,67.11580657958984,412.7014465332031,857.4522094726562,156.90255737304688,646.6681518554688,83.52731323242188,93.6026382446289,513.5844116210938,223.55133056640625,111.88600158691406,202.0060272216797,260.1011657714844,220.24000549316406,200.47000122070312,199.3300018310547,,456.55999755859375,158.7889862060547,338.0365295410156,100.33522033691406,111.13890075683594
2025-11-03,268.0597839355469,207.06431579589844,236.4024658203125,259.6499938964844,288.30242919921875,254.0,168.67999267578125,1061.7196044921875,360.5295104980469,52.442142486572266,567.1243896484375,923.9620361328125,73.38011169433594,148.2001953125,283.3802490234375,282.98406982421875,39.5,182.15499877929688,305.01873779296875,121.25985717773438,66.20988464355469,406.663330078125,890.9111938476562,160.66917419433594,636.0557861328125,80.13687133789062,90.23757934570312,512.810791015625,234.47064208984375,110.00900268554688,206.3855438232422,255.38665771484375,219.22999572753906,207.17999267578125,207.00999450683594,,468.3699951171875,158.7889862060547,334.22698974609375,100.7417984008789,110.55580139160156
2025-11-04,269.0461730957031,210.90353393554688,228.92381286621094,250.0500030517578,288.6916198730469,249.32000732421875,160.72999572753906,1025.2149658203125,349.9786682128906,52.42256546020508,544.254150390625,936.6061401367188,71.28073120117188,147.57485961914062,277.3360290527344,276.8200988769531,37.029998779296875,182.7417755126953,304.9201354980469,118.70861053466797,66.88201904296875,412.3462829589844,901.1763916015625,155.22848510742188,625.6926879882812,81.4677963256836,87.4616470336914,510.1327819824219,217.8169403076172,109.2959976196289,198.21511840820312,245.7991180419922,214.52000427246094,190.74000549316406,194.57000732421875,,444.260009765625,156.72372436523438,337.6000061035156,101.4161148071289,110.92508697509766
2025-11-05,269.14581298828125,211.7632293701172,239.56497192382812,256.3299865722656,311.2265319824219,250.1999969482422,160.19000244140625,1038.759765625,356.9794616699219,51.355316162109375,565.693115234375,930.92138671875,71.06388092041016,146.87252807617188,284.0085754394531,283.572509765625,38.380001068115234,181.9007110595703,307.31610107421875,122.05158233642578,66.73590850830078,412.63238525390625,920.0076293945312,164.46568298339844,634.30029296875,81.98267364501953,92.76387023925781,503.02130126953125,237.2678985595703,109.84600067138672,194.74343872070312,247.91867065429688,213.17999267578125,187.89999389648438,216.5,,462.07000732421875,160.86407470703125,337.34210205078125,100.622802734375,110.4780502319336
2025-11-06,268.7771301269531,213.98077392578125,232.2454376220703,237.6999969482422,307.0717468261719,243.0399932861328,158.25,1024.2794189453125,353.6083068847656,52.17778396606445,566.3192749023438,919.5216674804688,70.01911926269531,147.14190673828125,284.5970764160156,284.0113830566406,37.2400016784668,182.849365234375,309.0317687988281,119.99268341064453,67.27165985107422,409.7613220214844,931.5647583007812,161.61581420898438,617.3344116210938,83.33301544189453,93.1932373046875,493.04339599609375,238.0970916748047,109.7020034790039,187.63047790527344,241.4708709716797,211.3699951171875,175.0500030517578,207.69000244140625,,445.9100036621094,158.71031188964844,334.2864990234375,100.83104705810547,111.27495574951172
2025-11-07,267.4819030761719,214.0980224609375,228.8044891357422,233.5399932861328,311.5573425292969,244.41000366210938,152.3800048828125,1012.0979614257812,347.4826354980469,52.08966064453125,559.6798095703125,918.685302734375,70.04869079589844,149.14306640625,278.97174072265625,278.10675048828125,38.130001068115234,182.4581756591797,309.8106689453125,118.6966781616211,68.72307586669922,414.88189697265625,918.57666015625,158.78587341308594,620.0972900390625,83.8187484741211,90.78677368164062,492.76568603515625,237.6875,110.36599731445312,187.7003173828125,236.97422790527344,212.2899932861328,177.92999267578125,239.47999572753906,,429.5199890136719,157.89404296875,333.3539733886719,101.73344421386719,113.91834259033203
2025-11-10,268.6985778808594,213.65841674804688,233.78692626953125,243.97999572753906,314.9239196777344,248.39999389648438,154.83999633789062,1033.82373046875,356.39276123046875,52.30506896972656,567.3827514648438,911.5368041992188,71.05402374267578,149.74916076660156,289.8333435058594,289.3475036621094,38.45000076293945,184.2576141357422,312.45318603515625,121.14148712158203,68.69385528564453,415.0397644042969,960.581787109375,165.78099060058594,630.1211547851562,84.27534484863281,93.09339904785156,501.87078857421875,253.05245971679688,112.00700378417969,198.5742645263672,238.5292510986328,216.5399932861328,193.61000061035156,267.95001220703125,,445.2300109863281,157.9235382080078,332.1932373046875,101.56485748291016,114.89017486572266
2025-11-11,274.5028076171875,219.9691925048828,227.41217041015625,237.52000427246094,329.31475830078125,249.10000610351562,149.74000549316406,1017.5318603515625,349.9985656738281,52.510684967041016,564.4804077148438,909.8443603515625,70.67948150634766,150.31680297851562,290.9803771972656,290.5543518066406,37.880001068115234,189.5581512451172,311.2009582519531,118.45099639892578,69.75562286376953,420.939697265625,982.4239501953125,158.616455078125,625.4533081054688,88.35552978515625,89.19910430908203,504.5289001464844,240.8743896484375,113.64399719238281,192.69833374023438,233.8939666748047,218.27000427246094,190.9600067138672,271.5799865722656,,439.6199951171875,157.08758544921875,336.23101806640625,102.57635498046875,116.40623474121094
2025-11-12,272.7276611328125,227.84303283691406,229.46084594726562,258.8900146484375,327.20330810546875,244.1999969482422,148.75,1032.37060546875,353.24041748046875,52.98066711425781,569.53955078125,909.9837036132812,72.89715576171875,147.50750732421875,286.6816101074219,285.96630859375,37.88999938964844,190.10580444335938,315.92388916015625,119.25367736816406,69.65821838378906,423.21875,1011.4012451171875,160.84852600097656,607.43017578125,88.84127044677734,89.19910430908203,506.9688415527344,244.66067504882812,115.75,193.33682250976562,224.82147216796875,210.0399932861328,184.1699981689453,283.1000061035156,,430.6000061035156,160.3920135498047,336.8572082519531,102.57635498046875,114.79299926757812
2025-11-13,272.2090759277344,226.92474365234375,222.00210571289062,247.9600067138672,326.9308776855469,237.5800018310547,140.30999755859375,1014.984130859375,338.0853271484375,51.76654815673828,550.187744140625,921.0150756835938,76.26800537109375,149.68182373046875,278.39324951171875,277.8474426269531,35.90999984741211,190.94686889648438,305.1469421386719,115.54866027832031,69.2296142578125,422.903076171875,1016.4593505859375,152.7772216796875,608.3079223632812,90.27906036376953,87.39175415039062,499.1828918457031,236.71844482421875,115.4229965209961,186.4133758544922,215.491455078125,204.77000427246094,172.13999938964844,243.57000732421875,,401.989990234375,159.54623413085938,334.0738830566406,101.68386840820312,115.44412231445312
2025-11-14,271.6705322265625,226.99314880371094,224.7667999267578,246.80999755859375,327.65087890625,234.69000244140625,139.77000427246094,1002.1655883789062,340.5514831542969,51.5119743347168,550.6649169921875,918.9242553710938,76.87909698486328,151.6444854736328,276.2588195800781,275.6929931640625,35.52000045776367,191.61187744140625,299.3591003417969,112.8233642578125,69.3172836303711,417.7233581542969,1020.3505249023438,147.73512268066406,607.8790283203125,90.26934051513672,86.32332611083984,506.0166320800781,246.58877563476562,111.21700286865234,189.71546936035156,220.7210235595703,205.25,174.00999450683594,254.16000366210938,,404.3500061035156,156.6942138671875,328.050048828125,101.6243667602539,116.94403839111328
2025-11-17,266.7339782714844,228.5952606201172,227.45196533203125,240.52000427246094,332.4867248535156,232.8699951171875,140.25999450683594,1015.1234741210938,340.7404479980469,50.40555953979492,548.6968994140625,908.5800170898438,76.66226196289062,148.95065307617188,284.8563537597656,284.2806701660156,34.709999084472656,195.1814422607422,296.1644592285156,112.95089721679688,68.84970092773438,412.2574462890625,1016.7877807617188,146.9379425048828,600.4483032226562,90.21105194091797,83.32771301269531,503.3486328125,241.7135772705078,110.29000091552734,186.1540069580078,217.75958251953125,202.89999389648438,171.25,265.8800048828125,,408.9200134277344,152.426025390625,323.8055725097656,102.09043884277344,115.36568450927734
2025-11-18,266.7139892578125,228.46824645996094,223.88169860839844,230.2899932861328,334.7052307128906,222.5500030517578,136.0399932861328,999.2595825195312,338.6024169921875,50.562217712402344,543.558349609375,891.1468505859375,76.2581558227539,149.44679260253906,284.2180480957031,283.5426025390625,34.33000183105469,195.59217834472656,295.2178955078125,111.89381408691406,69.375732421875,409.16937255859375,1025.0975341796875,142.73291015625,596.1395874023438,93.67921447753906,78.56471252441406,489.7604064941406,228.27670288085938,114.08999633789062,180.92652893066406,218.38356018066406,201.0,167.3300018310547,244.92999267578125,,401.25,154.71749877929688,319.2628479003906,100.54346466064453,116.68914031982422
2025-11-19,267.83099365234375,227.53042602539062,233.83663940429688,223.5500030517578,333.1581115722656,222.69000244140625,136.99000549316406,1034.3609619140625,352.4448547363281,50.93429183959961,549.75048828125,886.6864624023438,77.26349639892578,147.57894897460938,292.2271423339844,292.05047607421875,35.11000061035156,198.04685974121094,299.02386474609375,116.31440734863281,69.26856994628906,407.6697082519531,1044.5535888671875,148.27322387695312,588.7886962890625,92.33857727050781,81.20083618164062,483.14483642578125,225.69921875,110.0,186.07420349121094,223.37542724609375,199.89999389648438,165.4199981689453,245.9600067138672,,403.989990234375,154.49127197265625,322.185302734375,99.76998138427734,115.04218292236328
2025-11-20,265.5272521972656,224.1503448486328,219.4479217529297,206.02000427246094,326.99896240234375,217.13999938964844,132.52999877929688,976.3496704101562,344.8872375488281,49.93557357788086,542.8129272460938,889.3646850585938,74.35588836669922,146.2266845703125,289.2249755859375,288.6991882324219,33.619998931884766,198.5945281982422,294.20233154296875,109.83744049072266,69.36598205566406,403.04248046875,1038.27392578125,139.09580993652344,587.6217041015625,92.2608642578125,76.56764221191406,475.41387939453125,201.1732177734375,105.66999816894531,180.208251953125,208.6772003173828,185.07000732421875,155.7449951171875,195.9600067138672,,395.2300109863281,150.79347229003906,321.8373718261719,106.21571350097656,114.71866607666016
2025-11-21,270.75299072265625,230.8225860595703,223.21449279785156,203.77999877929688,330.7718200683594,220.69000244140625,131.57000732421875,961.9488525390625,338.3041076660156,50.483890533447266,547.0867309570312,895.0596313476562,75.00640869140625,145.90567016601562,298.8697814941406,298.8827209472656,34.5,199.40621948242188,293.84735107421875,109.30641174316406,71.0609359741211,407.2158508300781,1054.60498046875,142.1449737548828,592.70849609375,94.97127532958984,77.33650970458984,469.1436462402344,207.16734313964844,104.30999755859375,178.45245361328125,196.8611602783203,182.89999389648438,154.85000610351562,200.27000427246094,,391.0899963378906,156.7630615234375,326.0222473144531,104.4406509399414,114.7774887084961
2025-11-24,275.1710205078125,224.20896911621094,230.08999633789062,215.0500030517578,327.59674072265625,226.27999877929688,134.7100067138672,983.0972900390625,375.8536682128906,50.84616470336914,556.2010498046875,882.2261962890625,75.1443862915039,145.68191528320312,317.64080810546875,317.75360107421875,35.790000915527344,201.50885009765625,293.8276672363281,113.25276184082031,70.71023559570312,402.2137451171875,1065.0147705078125,149.84762573242188,611.459716796875,97.53596496582031,83.66722106933594,471.0118103027344,223.71115112304688,106.97000122070312,182.11370849609375,198.36663818359375,183.88999938964844,162.25,226.9600067138672,,417.7799987792969,158.59228515625,327.3343811035156,103.19117736816406,113.68932342529297
2025-11-25,276.2181396484375,226.44607543945312,241.59898376464844,206.1300048828125,334.2701721191406,229.6699981689453,131.44000244140625,998.423583984375,382.88427734375,51.38468551635742,563.1685180664062,890.400146484375,75.22323608398438,144.49505615234375,322.7973327636719,322.60101318359375,35.83000183105469,203.39845275878906,298.7576599121094,114.1653823852539,70.72972869873047,402.39129638671875,1104.6033935546875,151.3921356201172,634.5695190429688,102.64591979980469,83.30774688720703,473.98297119140625,224.31057739257812,104.4000015258789,177.39498901367188,195.14768981933594,186.27000427246094,163.5500030517578,220.5,,419.3999938964844,159.09385681152344,332.5331726074219,106.10662841796875,112.25802612304688
2025-11-26,276.79656982421875,222.40170288085938,249.08230590820312,214.24000549316406,337.66082763671875,229.16000366210938,132.61000061035156,1035.9930419921875,395.3543701171875,51.8840446472168,570.2451782226562,904.2689208984375,74.9768295288086,145.4484405517578,319.446044921875,319.1200866699219,36.810001373291016,204.2743682861328,303.33270263671875,115.47850036621094,70.99273681640625,402.4406433105469,1099.0303955078125,154.5907745361328,631.96630859375,101.6452865600586,87.59146881103516,482.4393310546875,230.03497314453125,106.13999938964844,179.8291473388672,203.00193786621094,185.35000610351562,165.77000427246094,215.0399932861328,,426.5799865722656,162.61463928222656,331.7975769042969,108.18909454345703,112.51292419433594
2025-11-28,278.0930480957031,222.44076538085938,251.3542022705078,217.52999877929688,338.5329895019531,233.22000122070312,135.55999755859375,1054.93212890625,400.7143249511719,52.530269622802734,572.262939453125,909.5755615234375,75.83433532714844,147.02442932128906,319.2864990234375,319.3494567871094,40.560001373291016,203.64450073242188,308.6965026855469,117.1124496459961,71.22651672363281,404.8282470703125,1070.2991943359375,155.4477081298828,646.2691650390625,101.83959197998047,89.26900482177734,488.9082946777344,236.2489013671875,107.58000183105469,176.5769500732422,200.02069091796875,190.1300048828125,168.4499969482422,223.27999877929688,,430.1700134277344,165.486328125,332.4437255859375,109.58733367919922,113.64029693603516
2025-12-01,282.33148193359375,219.91058349609375,253.8453369140625,219.75999450683594,330.7227783203125,233.8800048828125,135.00999450683594,1082.7884521484375,383.92840576171875,52.12882614135742,564.609619140625,907.9527587890625,74.947265625,148.3961181640625,314.29949951171875,314.0732421875,40.0099983215332,202.08950805664062,304.59478759765625,115.29020690917969,70.57909393310547,401.6908264160156,1052.8037109375,154.24200439453125,639.2074584960938,98.92517852783203,90.96650695800781,483.6714782714844,240.22503662109375,109.12999725341797,179.48997497558594,199.0203399658203,187.72999572753906,167.49000549316406,210.1699981689453,,430.1400146484375,165.37815856933594,328.41790771484375,110.59880828857422,114.33634185791016
2025-12-02,285.4131164550781,219.1876678466797,264.3877258300781,215.24000549316406,331.5752868652344,234.4199981689453,136.47999572753906,1103.47900390625,379.4435729980469,52.07986831665039,578.93212890625,917.9784545898438,75.76534271240234,146.1683349609375,315.1971740722656,314.9908447265625,43.470001220703125,202.16824340820312,303.5693359375,118.54612731933594,69.32347869873047,403.3187561035156,1041.09033203125,157.62997436523438,645.4213256835938,98.14798736572266,92.75389099121094,486.91094970703125,239.25596618652344,109.3499984741211,181.02630615234375,199.17881774902344,189.8800048828125,170.69000244140625,205.35000610351562,,429.239990234375,172.36068725585938,327.6524658203125,111.47146606445312,113.11092376708984
2025-12-03,283.378662109375,224.922119140625,267.6760559082031,217.60000610351562,338.4937744140625,232.3800048828125,139.19000244140625,1135.46533203125,378.4888610839844,52.961082458496094,587.8973388671875,918.2074584960938,76.63268280029297,147.471923828125,319.78521728515625,318.8009338378906,43.7599983215332,202.0796661376953,307.7598571777344,120.72703552246094,69.4608154296875,405.1606140136719,1028.5906982421875,159.44650268554688,637.9407958984375,99.35261535644531,100.05317687988281,474.7182922363281,233.93118286132812,103.95999908447266,179.16075134277344,205.74546813964844,193.6300048828125,176.0800018310547,194.3800048828125,,446.739990234375,179.5792694091797,327.64251708984375,113.45477294921875,115.48333740234375
2025-12-04,279.93804931640625,223.4274444580078,268.4831848144531,215.97999572753906,333.3392639160156,229.11000061035156,140.49000549316406,1104.772705078125,378.90655517578125,53.029624938964844,595.5108642578125,891.9234619140625,76.64253997802734,148.12371826171875,317.5610046386719,316.7961120605469,40.5,199.2747802734375,311.6742248535156,120.36138916015625,69.10767364501953,399.79345703125,1009.6124267578125,156.79156494140625,659.81396484375,98.01199340820312,98.04612731933594,477.8087158203125,226.4285125732422,103.22000122070312,182.951904296875,212.2824249267578,195.67999267578125,177.9199981689453,213.30999755859375,,454.5299987792969,177.1403045654297,325.1475524902344,113.88117218017578,114.83631134033203
2025-12-05,278.0232238769531,220.85816955566406,267.0482482910156,217.97000122070312,323.2751770019531,229.52999877929688,141.30999755859375,1094.21337890625,388.0652160644531,53.0985221862793,599.5064086914062,890.7485961914062,76.84953308105469,145.9251251220703,321.2513732910156,320.4366455078125,41.40999984741211,198.73348999023438,310.6290588378906,120.99703216552734,68.66625213623047,395.67401123046875,1005.4525146484375,158.3985137939453,671.673095703125,96.87535858154297,98.76506805419922,480.11407470703125,236.98818969726562,100.23999786376953,181.98416137695312,215.50135803222656,198.83999633789062,181.75999450683594,228.47000122070312,,455.0,179.52024841308594,329.2627868652344,114.14891052246094,114.24811553955078
2025-12-08,277.1356506347656,217.96653747558594,267.2077331542969,221.11000061035156,314.7888488769531,226.88999938964844,139.77999877929688,1114.336669921875,398.8647155761719,53.04930877685547,592.876953125,883.6201171875,77.72673797607422,144.67018127441406,313.8359069824219,313.11090087890625,40.29999923706055,198.4283905029297,310.79669189453125,122.00629425048828,68.91149139404297,385.5833740234375,992.793701171875,162.4308319091797,665.0702514648438,96.10790252685547,91.86518859863281,487.92449951171875,246.6787109375,96.79000091552734,185.1168212890625,218.43309020996094,195.35000610351562,181.49000549316406,225.47000122070312,,439.5799865722656,177.9467315673828,324.8890686035156,112.61185455322266,113.6991195678711
2025-12-09,276.42755126953125,217.83956909179688,266.1913146972656,221.6199951171875,307.55682373046875,227.9199981689453,141.92999267578125,1106.126220703125,404.0257873535156,52.69499206542969,590.7498779296875,884.5360717773438,78.3674087524414,144.45616149902344,317.1294250488281,316.4643859863281,40.5,196.794677734375,296.30255126953125,122.10791015625,68.75453186035156,386.5735778808594,977.4974975585938,165.4949951171875,655.2557983398438,94.12609100341797,88.76973724365234,488.918212890625,252.17333984375,96.70999908447266,184.53819274902344,219.41363525390625,195.0,181.83999633789062,219.4600067138672,,445.1700134277344,176.55023193359375,324.55108642578125,114.09933471679688,115.92448425292969
2025-12-10,278.0232238769531,219.9789581298828,274.1728515625,221.4199981689453,309.05609130859375,231.77999877929688,141.52000427246094,1113.968505859375,410.6685485839844,53.226470947265625,611.6124877929688,870.5676879882812,79.09676361083984,147.29681396484375,320.3730773925781,319.58831787109375,40.779998779296875,203.2705078125,305.7680969238281,123.43299865722656,68.87225341796875,388.8511962890625,988.8626708984375,167.94033813476562,648.4435424804688,94.83526611328125,92.3344955444336,475.5430603027344,263.4522705078125,92.70999908447266,183.3509521484375,220.87948608398438,192.9600067138672,187.91000366210938,232.86000061035156,,451.45001220703125,178.66464233398438,323.78570556640625,112.23503112792969,117.1891098022461
2025-12-11,277.2752380371094,218.80667114257812,269.1507568359375,221.42999267578125,311.0160217285156,230.27999877929688,136.13999938964844,1117.4716796875,404.1053466796875,53.69889450073242,621.8101196289062,880.5934448242188,78.13084411621094,146.6255645751953,313.0873718261719,311.82342529296875,39.5099983215332,206.68557739257812,312.9363098144531,124.15730285644531,67.79320526123047,399.36761474609375,1004.5269775390625,168.38949584960938,651.016845703125,96.18561553955078,89.29895782470703,480.4221496582031,258.2074279785156,94.08999633789062,180.50759887695312,196.95030212402344,190.36000061035156,187.5399932861328,241.61000061035156,,446.8900146484375,178.66464233398438,343.5669250488281,114.55549621582031,117.1891098022461
2025-12-12,277.52459716796875,218.1619415283203,258.2894592285156,210.77999877929688,311.3687744140625,226.19000244140625,130.88999938964844,1075.6824951171875,357.92413330078125,54.26973342895508,594.2584838867188,880.5834350585938,76.68197631835938,145.9154052734375,309.9135437011719,308.68951416015625,37.810001373291016,208.23072814941406,314.0603332519531,118.95063018798828,69.17634582519531,412.18145751953125,1022.5697631835938,160.21505737304688,642.5587768554688,97.4388198852539,84.30628204345703,475.5132751464844,240.90435791015625,95.19000244140625,174.6114044189453,188.15513610839844,191.69000244140625,183.57000732421875,206.17999267578125,,458.9599914550781,176.45187377929688,345.7537536621094,115.96154022216797,116.4832763671875
2025-12-15,273.3658752441406,222.19654846191406,260.3421630859375,207.5800018310547,318.7870178222656,222.5399932861328,124.37000274658203,1082.619140625,337.916259765625,54.45673751831055,586.1779174804688,856.778564453125,77.1255111694336,145.73056030273438,308.7159118652344,307.6216125488281,37.5099983215332,210.7797393798828,315.5393371582031,122.05809783935547,69.61776733398438,412.92413330078125,1057.0830078125,163.9878692626953,646.3570556640625,98.23243713378906,84.13652801513672,471.82666015625,237.2678985595703,93.7699966430664,175.87843322753906,183.1533660888672,185.8800048828125,183.25,201.8699951171875,,475.30999755859375,175.02584838867188,344.81939697265625,116.05097961425781,115.44412231445312
2025-12-16,273.8645324707031,218.50384521484375,257.9207763671875,209.1699981689453,320.1883544921875,222.55999755859375,121.0999984741211,1070.9053955078125,339.39794921875,53.9449462890625,585.3529052734375,856.6093139648438,76.4355697631836,142.76339721679688,307.1289978027344,305.97479248046875,37.310001373291016,205.98683166503906,311.1319274902344,121.88473510742188,69.02920532226562,419.3805847167969,1049.2210693359375,162.9498291015625,655.9798583984375,96.28266906738281,83.94680786132812,473.38677978515625,232.28277587890625,94.56999969482422,177.30511474609375,186.84774780273438,187.08999633789062,187.75,209.30999755859375,,489.8800048828125,174.62265014648438,343.0500183105469,114.68964385986328,112.42469024658203
2025-12-17,271.1020812988281,219.12905883789062,247.3883514404297,198.11000061035156,319.4729919433594,221.27000427246094,114.58000183105469,1010.5752563476562,324.2030944824219,53.689048767089844,558.4771728515625,858.859375,74.9078369140625,145.4581756591797,297.4778747558594,296.1439208984375,36.04999923706055,207.00051879882812,310.5699157714844,116.76873016357422,69.32347869873047,418.22198486328125,1036.7811279296875,154.68556213378906,648.343505859375,97.17427825927734,81.58027648925781,473.1184387207031,225.29962158203125,94.79000091552734,170.5409393310547,176.75509643554688,183.44000244140625,177.2899932861328,206.8300018310547,,467.260009765625,171.6034393310547,342.35418701171875,114.92813110351562,115.10100555419922
2025-12-18,271.45111083984375,217.67349243164062,252.59976196289062,201.05999755859375,317.91485595703125,226.75999450683594,113.51000213623047,1031.3555908203125,328.0416259765625,53.40362548828125,562.3932495117188,853.8215942382812,75.84418487548828,143.67788696289062,303.1567687988281,301.8727722167969,36.279998779296875,205.0124969482422,308.6176452636719,121.78710174560547,69.0193862915039,414.9046325683594,1051.798583984375,164.38710021972656,663.2669067382812,98.65374755859375,84.34622955322266,480.9289245605469,248.30711364746094,94.0,173.73345947265625,178.3101043701172,185.8800048828125,185.69000244140625,219.4600067138672,,483.3699951171875,173.2753143310547,343.94464111328125,114.10337829589844,114.24811553955078
2025-12-19,272.9271545410156,221.5811004638672,255.49945068359375,213.42999267578125,320.81549072265625,227.35000610351562,114.02999877929688,1050.97119140625,338.46319580078125,54.39768600463867,572.7201538085938,851.8602294921875,77.29305267333984,143.73623657226562,308.0072937011719,306.56365966796875,36.81999969482422,203.1031951904297,312.7686767578125,124.10649871826172,68.72510528564453,417.3208312988281,1066.28857421875,171.94273376464844,657.5969848632812,99.04564666748047,83.96678161621094,482.856689453125,265.66015625,94.38999938964844,180.56747436523438,190.13601684570312,186.8800048828125,193.3800048828125,237.61000061035156,,481.20001220703125,173.37364196777344,347.1653137207031,113.63634490966797,114.3951644897461
2025-12-22,270.23443603515625,222.6459197998047,258.0902099609375,214.9499969482422,324.7450866699219,228.42999267578125,113.29000091552734,1051.9266357421875,340.19683837890625,54.9980583190918,578.87255859375,846.2649536132812,76.98751068115234,145.73056030273438,310.7219543457031,309.1785888671875,36.369998931884766,204.03817749023438,318.56634521484375,126.09810638427734,68.87225341796875,419.3805847167969,1071.3043212890625,174.9270477294922,660.3220825195312,102.60224151611328,84.67574310302734,481.86297607421875,276.3197021484375,93.2300033569336,183.2611541748047,196.48480224609375,189.49000549316406,193.97999572753906,241.0500030517578,,488.7300109863281,175.86181640625,349.98834228515625,111.88748931884766,115.82645416259766
2025-12-23,271.62066650390625,223.5055694580078,259.3058776855469,214.89999389648438,324.84307861328125,232.13999938964844,112.0199966430664,1056.7633056640625,348.0379333496094,55.086639404296875,578.8824462890625,851.033935546875,76.89881134033203,146.4212646484375,315.0634765625,313.73968505859375,36.349998474121094,202.52255249023438,321.3665771484375,126.40596008300781,68.53873443603516,420.955078125,1066.4876708984375,174.82723999023438,663.7559814453125,102.915771484375,87.55152130126953,483.7807922363281,276.0,93.5,188.76829528808594,193.4738311767578,188.1199951171875,194.1300048828125,244.89999389648438,,485.55999755859375,174.1505889892578,351.2706298828125,110.1982421875,117.07147216796875
2025-12-24,273.06671142578125,224.58018493652344,259.8539123535156,215.0399932861328,327.2635498046875,232.3800048828125,111.55000305175781,1060.4259033203125,348.93463134765625,55.36221694946289,580.21435546875,868.0289306640625,76.89881134033203,146.41156005859375,315.05352783203125,313.48016357421875,36.15999984741211,204.4908905029297,324.5612487792969,127.22691345214844,68.77415466308594,420.75701904296875,1071.802001953125,176.9931182861328,666.3613891601562,104.29724884033203,86.3632583618164,484.94342041015625,286.39984130859375,93.63999938964844,188.169677734375,195.60330200195312,187.22000122070312,194.1699981689453,250.0800018310547,,485.3999938964844,174.1997528076172,353.0201416015625,110.90375518798828,116.87540435791016
2025-12-26,272.6578369140625,224.66810607910156,260.96990966796875,214.99000549316406,326.2541809082031,232.52000427246094,110.2699966430664,1067.6212158203125,350.8376159667969,55.283477783203125,579.4589233398438,869.5122680664062,77.03679656982422,145.944580078125,314.3448791503906,312.9013671875,36.20000076293945,204.34324645996094,323.31890869140625,127.48695373535156,68.53873443603516,420.6282653808594,1072.5682373046875,177.73171997070312,662.10888671875,104.62057495117188,86.2134780883789,484.6354064941406,284.51171875,94.47000122070312,190.08518981933594,196.09852600097656,188.4499969482422,188.7100067138672,250.0500030517578,,475.19000244140625,173.9539031982422,352.8810119628906,111.03292846679688,116.767578125
2025-12-29,273.0168762207031,225.5082550048828,262.1158447265625,215.61000061035156,323.0203857421875,232.07000732421875,110.51000213623047,1060.903564453125,348.1076965332031,54.47642135620117,575.0956420898438,864.0265502929688,76.672119140625,146.8882293701172,313.7760314941406,312.9512634277344,36.68000030517578,204.2743682861328,319.2171325683594,125.57305145263672,68.82321166992188,422.3810119628906,1073.5435791015625,175.535888671875,657.5171508789062,104.46382141113281,85.63433837890625,484.02923583984375,294.2011413574219,94.1500015258789,187.7805938720703,193.51345825195312,186.85000610351562,184.17999267578125,244.25,,459.6400146484375,172.78358459472656,352.4932861328125,111.81792449951172,118.1596450805664
2025-12-30,272.33868408203125,224.43365478515625,259.0467834472656,215.33999633789062,322.0992126464844,232.52999877929688,110.86000061035156,1067.01416015625,348.56597900390625,54.407527923583984,573.883056640625,861.84619140625,76.2975845336914,148.17236328125,313.9356689453125,313.24066162109375,37.29999923706055,203.6346435546875,318.8917541503906,123.90524291992188,68.73492431640625,424.1832580566406,1074.5587158203125,173.44985961914062,664.7642211914062,103.9151382446289,86.63288116455078,484.4068603515625,292.4621276855469,93.77999877929688,187.1021728515625,195.3259735107422,186.85000610351562,180.83999633789062,240.22000122070312,,454.42999267578125,172.51805114746094,351.5091857910156,111.2117919921875,118.610595703125
2025-12-31,271.12200927734375,223.2125244140625,256.0773620605469,214.16000366210938,320.74688720703125,230.82000732421875,109.30999755859375,1064.7451171875,344.82977294921875,54.1319465637207,569.3904418945312,858.5507202148438,75.92303466796875,148.2696533203125,313.1871337890625,312.3923034667969,36.900001525878906,203.6740264892578,317.70855712890625,121.0588150024414,68.57796478271484,422.2325134277344,1069.5130615234375,170.85479736328125,658.9146728515625,103.13131713867188,84.85547637939453,480.5711669921875,285.24627685546875,93.76000213623047,186.0646209716797,193.04794311523438,184.1999969482422,177.75,237.3800048828125,,449.7200012207031,170.61997985839844,348.6165771484375,110.70501708984375,117.97337341308594
2026-01-02,270.27435302734375,224.01358032226562,267.9151916503906,223.47000122070312,321.0702819824219,226.5,114.7300033569336,1158.216064453125,346.3441467285156,55.06695556640625,594.7753295898438,850.7451782226562,75.34831237792969,151.6648406982422,314.7041931152344,314.5381164550781,39.380001068115234,204.06768798828125,320.92291259765625,126.97584533691406,67.80302429199219,424.92596435546875,1075.165771484375,184.70843505859375,649.2518920898438,104.29724884033203,89.25901794433594,469.95849609375,315.2391052246094,90.98999786376953,188.40911865234375,193.84030151367188,179.3699951171875,167.86000061035156,275.239990234375,,438.07000732421875,174.58331298828125,344.4118347167969,112.04647827148438,120.23796081542969
2026-01-05,266.5345458984375,215.09445190429688,283.3103332519531,221.0800018310547,314.2890319824219,233.05999755859375,116.11000061035156,1222.3179931640625,342.15960693359375,55.99211502075195,612.35791015625,871.891845703125,74.89250183105469,159.39889526367188,316.7002868652344,315.9254455566406,39.369998931884766,201.0758056640625,329.363037109375,134.74501037597656,66.6455078125,428.8770751953125,1036.50244140625,194.38999938964844,657.616943359375,105.2672348022461,90.09779357910156,469.86907958984375,311.970947265625,91.45999908447266,187.6808319091797,190.75009155273438,182.1199951171875,174.0399932861328,274.0799865722656,,451.6700134277344,174.2390899658203,351.6881408691406,111.99678802490234,122.89466094970703
2026-01-06,261.64776611328125,218.75782775878906,294.9588317871094,214.35000610351562,323.5495910644531,240.92999267578125,115.52999877929688,1236.2510986328125,342.50830078125,56.346435546875,619.3054809570312,885.193115234375,74.54568481445312,152.28746032714844,313.9356689453125,313.7297058105469,40.040000915527344,201.5482177734375,331.41326904296875,138.98428344726562,66.54740142822266,432.8974914550781,1058.92431640625,206.5668182373047,659.4437255859375,106.66831970214844,88.10071563720703,475.4933776855469,343.23297119140625,90.6500015258789,186.80288696289062,191.89903259277344,185.86000061035156,179.7100067138672,349.6300048828125,,432.9599914550781,188.92210388183594,355.42572021484375,113.61646270751953,118.66941833496094
2026-01-07,259.6233215332031,228.02865600585938,291.162353515625,210.02000427246094,334.7895812988281,241.55999755859375,115.68000030517578,1222.5966796875,342.2392883300781,54.761844635009766,592.8968505859375,878.7017822265625,74.04031372070312,150.98387145996094,321.80029296875,321.35491943359375,42.630001068115234,204.2054901123047,323.8660583496094,135.46633911132812,66.25312042236328,429.9069519042969,1102.7623291015625,202.69419860839844,647.5349731445312,106.40377807617188,84.5159683227539,480.4221496582031,339.355224609375,90.7300033569336,188.6685028076172,190.99771118164062,193.89999389648438,181.67999267578125,353.55999755859375,,431.4100036621094,182.63783264160156,353.7557067871094,112.00672912597656,116.15975952148438
2026-01-08,258.33685302734375,218.95323181152344,280.63983154296875,204.67999267578125,323.4907531738281,246.2899932861328,113.08000183105469,1188.6099853515625,331.2597351074219,55.2933235168457,604.4363403320312,911.2879638671875,73.2872314453125,154.923828125,325.373291015625,324.80816650390625,41.11000061035156,202.49301147460938,326.63934326171875,131.9703369140625,68.04826354980469,435.4028015136719,1079.972412109375,200.57823181152344,644.9096069335938,108.74544525146484,83.32771301269531,475.0959167480469,326.8323974609375,90.52999877929688,184.60801696777344,187.8381805419922,190.8000030517578,176.86000061035156,334.5400085449219,,435.79998779296875,185.33248901367188,350.1275329589844,112.35450744628906,120.49284362792969
2026-01-09,258.6659240722656,214.99676513671875,300.11041259765625,203.1699981689453,319.5611877441406,247.3800048828125,111.79000091552734,1267.78955078125,343.7038879394531,54.96853256225586,613.86865234375,920.81591796875,73.20796203613281,157.70616149902344,328.4971923828125,327.9320983886719,45.54999923706055,201.15455627441406,326.0450744628906,139.48245239257812,69.16654205322266,439.7500305175781,1058.446533203125,217.94515991210938,651.8970947265625,108.29474639892578,83.15785217285156,476.258544921875,344.89202880859375,89.45999908447266,184.42843627929688,197.14321899414062,189.02000427246094,177.49000549316406,377.4100036621094,,445.010009765625,187.16172790527344,347.68218994140625,113.8052749633789,122.15940856933594
2026-01-12,259.54351806640625,214.9576873779297,306.14892578125,207.69000244140625,319.0124206542969,246.47000122070312,111.13999938964844,1275.1044921875,350.9173278808594,54.31895065307617,625.9448852539062,938.9359741210938,73.33677673339844,157.9298858642578,332.0801696777344,331.2156982421875,44.060001373291016,206.40017700195312,321.3899841308594,142.28903198242188,69.15672302246094,439.3044128417969,1075.8026123046875,219.9812774658203,640.826904296875,106.98184204101562,82.82809448242188,474.1717529296875,345.6716003417969,89.41000366210938,184.5082550048828,203.26048278808594,188.8800048828125,179.41000366210938,389.2699890136719,,448.9599914550781,185.94224548339844,341.15142822265625,117.2235107421875,121.59081268310547
2026-01-13,260.34136962890625,215.6512908935547,303.7873229980469,220.97000122070312,317.7972412109375,242.60000610351562,107.83999633789062,1264.08740234375,353.3085021972656,53.67920684814453,632.6638793945312,937.7909545898438,74.78350067138672,159.4183349609375,335.77294921875,335.31768798828125,47.290000915527344,210.2679443359375,307.9298095703125,143.64898681640625,69.88262176513672,438.5815124511719,1072.010986328125,213.9727325439453,629.96630859375,106.07064819335938,82.98797607421875,467.70281982421875,337.93603515625,90.31999969482422,185.376220703125,200.88705444335938,190.85000610351562,178.9600067138672,389.80999755859375,,447.20001220703125,185.41114807128906,325.9228515625,119.59837341308594,124.05145263671875
2026-01-14,259.25433349609375,216.7649688720703,300.8179016113281,223.60000610351562,322.3736267089844,236.64999389648438,104.98999786376953,1257.67822265625,338.642578125,51.65171813964844,634.870361328125,946.8012084960938,73.73313903808594,162.69679260253906,335.6531982421875,335.1879577636719,48.720001220703125,215.0904083251953,304.9287414550781,142.919677734375,70.07882690429688,435.6899719238281,1068.1297607421875,208.39334106445312,614.4240112304688,108.76504516601562,81.14934539794922,456.4840087890625,333.1587829589844,88.55000305175781,182.7124481201172,192.26727294921875,190.92999267578125,178.39999389648438,387.80999755859375,,439.20001220703125,190.24978637695312,327.2052001953125,119.28040313720703,127.63947296142578
2026-01-15,257.5090637207031,211.74368286132812,317.94683837890625,227.9199981689453,323.412353515625,238.17999267578125,105.11000061035156,1325.233642578125,341.76104736328125,51.75998306274414,643.2491455078125,952.5458374023438,74.56549835205078,161.6461181640625,332.5093688964844,332.1339111328125,48.31999969482422,216.09425354003906,306.30548095703125,153.9248504638672,69.1371078491211,435.7494201660156,1028.00341796875,217.05685424804688,619.694580078125,108.72584533691406,80.3199691772461,453.7811279296875,336.4369201660156,88.05000305175781,186.6133270263672,188.53334045410156,187.72999572753906,177.07000732421875,409.239990234375,,438.57000732421875,185.9914093017578,325.79364013671875,118.44571685791016,126.59051513671875
2026-01-16,254.83636474609375,211.08389282226562,325.84869384765625,231.8300018310547,323.78472900390625,239.1199951171875,105.77999877929688,1352.07470703125,350.4191589355469,52.13398742675781,642.9609375,959.375732421875,74.50604248046875,161.743408203125,329.6948547363281,329.35931396484375,46.959999084472656,215.19866943359375,309.48480224609375,156.202392578125,69.09786987304688,434.6799621582031,1033.4075927734375,222.5364227294922,619.1455688476562,106.6291275024414,80.39990997314453,456.9609375,362.5419006347656,88.0,185.79522705078125,189.76473999023438,187.66000366210938,170.9600067138672,413.6199951171875,,437.5,188.4107208251953,326.34033203125,118.94255065917969,127.33555603027344
2026-01-20,246.0303192138672,210.77859497070312,317.09991455078125,231.9199981689453,324.3629150390625,231.0,107.16999816894531,1319.7301025390625,331.3793029785156,51.277713775634766,626.6422729492188,960.02294921875,72.68277740478516,160.8094940185547,321.53082275390625,321.3748474121094,48.560001373291016,214.75579833984375,299.8477478027344,148.06858825683594,70.3829116821289,428.9266052246094,1036.2835693359375,221.98748779296875,603.0443115234375,107.23657989501953,79.74040985107422,451.65460205078125,364.7906188964844,87.26000213623047,177.65428161621094,178.6721954345703,184.05999755859375,168.52999877929688,453.1199951171875,,419.25,186.45364379882812,323.87518310546875,117.95882415771484,127.89437866210938
2026-01-21,246.97775268554688,212.85646057128906,324.0849914550781,249.8000030517578,336.71026611328125,231.30999755859375,113.91999816894531,1353.58740234375,327.5932312011719,51.248191833496094,642.9609375,978.5410766601562,73.01969146728516,162.20062255859375,327.73870849609375,327.7424621582031,54.25,214.55894470214844,299.15447998046875,151.43807983398438,70.63795471191406,435.0661315917969,1073.3345947265625,227.95611572265625,611.8685913085938,108.8630142211914,82.48835754394531,441.3102111816406,388.88677978515625,85.36000061035156,182.8920440673828,172.67410278320312,181.47000122070312,165.3300018310547,501.2900085449219,,431.44000244140625,191.19390869140625,323.33837890625,118.60470581054688,130.98240661621094
2026-01-22,247.67584228515625,214.78659057617188,317.6579284667969,253.72999572753906,340.1106872558594,234.33999633789062,119.19999694824219,1388.33056640625,324.2953796386719,51.622196197509766,645.9795532226562,971.8805541992188,73.65386962890625,162.13255310058594,330.19384765625,329.89825439453125,54.31999969482422,215.03135681152344,300.729248046875,149.4454803466797,70.50061798095703,441.29486083984375,1082.15185546875,220.2807159423828,646.476806640625,106.9720458984375,83.03793334960938,448.29595947265625,397.3519287109375,83.54000091552734,184.40847778320312,176.9442596435547,182.27000427246094,165.89999389648438,503.44000244140625,,449.3599853515625,191.76431274414062,324.41192626953125,117.08438873291016,131.01182556152344
2026-01-23,247.36668395996094,215.9190673828125,321.23516845703125,259.67999267578125,337.8371887207031,239.16000366210938,116.06999969482422,1382.3990478515625,318.8753662109375,50.90371322631836,624.271240234375,978.929443359375,73.9114990234375,162.19091796875,327.7886047363281,327.2933044433594,45.06999969482422,216.6552276611328,294.875732421875,150.71875,71.49137878417969,447.1669921875,1059.1729736328125,217.52597045898438,657.5870361328125,105.99226379394531,80.17008972167969,463.0125732421875,399.4207458496094,86.12000274658203,187.23187255859375,175.9313507080078,180.17999267578125,169.60000610351562,473.8299865722656,,449.05999755859375,190.11209106445312,324.2330017089844,116.98502349853516,132.315673828125
2026-01-26,254.7166748046875,217.40606689453125,318.3255310058594,251.30999755859375,342.6781311035156,238.4199981689453,114.7300033569336,1406.5927734375,323.6577453613281,51.19898223876953,633.536376953125,973.3739013671875,76.30949401855469,162.94972229003906,332.9385070800781,332.61297607421875,42.4900016784668,217.98385620117188,298.1640319824219,153.73255920410156,71.17747497558594,450.59326171875,1057.640380859375,222.44659423828125,671.1627807617188,105.22804260253906,81.70893096923828,467.3152770996094,388.8667907714844,85.69999694824219,186.03468322753906,181.17474365234375,184.22000122070312,167.47000122070312,470.79998779296875,,435.20001220703125,193.33782958984375,326.5292053222656,116.89559936523438,132.18820190429688
2026-01-27,257.56890869140625,220.5178985595703,331.5284729003906,252.02999877929688,344.2754821777344,244.67999267578125,114.87999725341797,1447.6356201171875,331.568603515625,51.34661102294922,636.51513671875,966.0164184570312,77.96429443359375,164.45761108398438,334.3457336425781,333.90045166015625,43.93000030517578,220.8871612548828,297.44097900390625,161.0354766845703,72.14861297607422,448.61273193359375,1034.5120849609375,238.00698852539062,671.7716674804688,105.7375259399414,82.8680648803711,477.5503234863281,410.0046691894531,85.58000183105469,188.07989501953125,173.68701171875,183.5,165.6999969482422,481.42999267578125,,430.8999938964844,193.37716674804688,323.3185119628906,116.20002746582031,134.1390838623047
2026-01-28,255.74388122558594,215.3380584716797,335.55413818359375,252.74000549316406,335.3579406738281,243.00999450683594,109.95999908447266,1416.1170654296875,332.0169372558594,50.99229431152344,640.8687744140625,956.5581665039062,78.24174499511719,165.31370544433594,335.6232604980469,335.3576354980469,48.779998779296875,224.11524963378906,297.89654541015625,162.1184539794922,71.6679458618164,447.09765625,1018.8776245117188,239.12486267089844,667.5392456054688,104.73815155029297,83.55754852294922,478.5937194824219,435.03033447265625,84.63999938964844,191.07289123535156,171.60157775878906,183.74000549316406,157.35000610351562,527.6300048828125,,431.4599914550781,212.5939178466797,325.02825927734375,115.83236694335938,134.8743438720703
2026-01-29,257.578857421875,217.07122802734375,340.1278076171875,252.17999267578125,336.0634765625,241.72999572753906,108.43000030517578,1448.2030029296875,329.51617431640625,52.242252349853516,662.7464599609375,948.7028198242188,77.7165756225586,166.53948974609375,337.99859619140625,337.5932922363281,48.65999984741211,223.69203186035156,303.49261474609375,167.84817504882812,72.03089141845703,450.56353759765625,1019.2160034179688,247.6985321044922,736.995361328125,106.14903259277344,81.27925109863281,430.76715087890625,435.5400390625,83.16000366210938,192.06056213378906,167.83786010742188,176.1999969482422,151.86000061035156,539.2999877929688,,416.55999755859375,215.3476104736328,329.8194580078125,116.66705322265625,137.7467041015625
2026-01-30,258.775634765625,219.61192321777344,321.17535400390625,236.72999572753906,335.0247497558594,239.3000030517578,105.36000061035156,1416.1966552734375,330.08404541015625,52.360355377197266,654.8959350585938,937.3972778320312,77.6075668334961,172.09437561035156,337.8688659667969,337.3437805175781,46.470001220703125,223.65267944335938,302.9676818847656,142.26612854003906,73.38459777832031,452.51434326171875,1032.1634521484375,233.01649475097656,715.2241821289062,108.04000091552734,78.8610610961914,427.577392578125,414.6419982910156,83.48999786376953,190.6837921142578,163.43858337402344,176.97000122070312,146.58999633789062,576.25,,430.4100036621094,213.36785888671875,319.9089660644531,118.38610076904297,138.61920166015625
2026-02-02,269.2770690917969,222.2018585205078,327.2337951660156,246.27000427246094,337.7685852050781,242.9600067138672,106.93000030517578,1434.4989013671875,329.8947448730469,53.1772575378418,688.3201904296875,965.4219360351562,79.90646362304688,169.3023223876953,344.2264404296875,343.022705078125,48.810001373291016,227.09727478027344,305.1961669921875,140.52357482910156,73.89469909667969,455.6732482910156,1039.1099853515625,237.04879760742188,705.152099609375,111.07731628417969,78.60125732421875,420.70098876953125,437.5488586425781,82.76000213623047,185.17669677734375,158.94993591308594,175.4199981689453,147.75999450683594,665.239990234375,,421.80999755859375,222.73207092285156,331.8472900390625,123.27497100830078,135.67820739746094
2026-02-03,268.7485046386719,222.2215576171875,317.5383605957031,242.11000061035156,331.80072021484375,238.6199951171875,104.55000305175781,1389.206298828125,319.154296875,53.59062957763672,700.25537109375,974.9529418945312,82.35400390625,173.20338439941406,340.0346374511719,339.0504455566406,49.25,229.4100799560547,311.8420715332031,135.05288696289062,75.42496490478516,459.0499572753906,998.6354370117188,229.66287231445312,690.4683227539062,113.49735260009766,75.48358154296875,408.61767578125,419.1993713378906,79.94000244140625,179.91897583007812,153.59732055664062,166.24000549316406,157.8800048828125,695.510009765625,,421.9599914550781,222.93006896972656,326.96661376953125,126.90187072753906,140.90338134765625
2026-02-04,275.73944091796875,213.8018341064453,296.54315185546875,200.19000244140625,358.85711669921875,232.99000549316406,104.9000015258789,1332.727783203125,306.9194030761719,54.50595474243164,689.2268676757812,975.3816528320312,80.42173767089844,176.3067169189453,332.68896484375,332.3934326171875,48.599998474121094,230.7583770751953,314.23895263671875,130.23873901367188,75.87621307373047,468.7148132324219,1101.796875,209.38145446777344,667.7987670898438,115.93701171875,73.67494201660156,411.5788879394531,379.1823425292969,80.16000366210938,173.78334045410156,145.65280151367188,166.72000122070312,139.5399932861328,584.5499877929688,,406.010009765625,220.6632537841797,327.98052978515625,127.19003295898438,144.68746948242188
2026-02-05,275.1610107421875,215.68272399902344,302.91046142578125,192.5,360.42498779296875,222.69000244140625,110.87999725341797,1343.7049560546875,309.3703918457031,54.07289505004883,675.7674560546875,986.2884521484375,81.6108169555664,174.36105346679688,330.68292236328125,330.6069030761719,48.2400016784668,234.02581787109375,307.1968688964844,132.61093139648438,77.01410675048828,455.2077941894531,1015.931884765625,212.90475463867188,669.0166015625,117.32828521728516,74.15457153320312,391.1882629394531,382.6703796386719,80.87000274658203,171.47872924804688,135.53347778320312,154.77000427246094,130.00999450683594,576.2000122070312,,397.2099914550781,221.7125244140625,327.1653747558594,126.13674926757812,143.20716857910156
2026-02-06,277.36505126953125,220.02552795410156,321.36474609375,208.44000244140625,376.61376953125,210.32000732421875,123.69999694824219,1406.2545166015625,331.6981506347656,55.63779830932617,723.4779663085938,998.1224365234375,84.04844665527344,175.94677734375,322.4690246582031,322.233154296875,50.59000015258789,236.19102478027344,319.3199462890625,143.76156616210938,77.5241928100586,443.86944580078125,1053.09228515625,230.57113647460938,660.2822265625,119.46420288085938,80.22003936767578,398.6111755371094,394.4635925292969,82.19999694824219,184.97714233398438,141.8295135498047,159.32000732421875,135.89999389648438,597.9500122070312,,411.1099853515625,219.19822692871094,329.6007995605469,130.34991455078125,146.11875915527344
2026-02-09,274.13079833984375,219.85812377929688,329.3960876464844,216.0,368.2842102050781,208.72000122070312,124.61000061035156,1422.655517578125,342.67767333984375,55.51969528198242,739.3382568359375,994.5633544921875,85.99061584472656,177.6395263671875,323.7664489746094,323.6903381347656,50.2400016784668,234.8623809814453,319.0228271484375,143.48361206054688,76.48440551757812,451.89044189453125,1039.6473388671875,228.84442138671875,676.0140991210938,115.27075958251953,82.28849792480469,410.99261474609375,383.280029296875,81.47000122070312,189.59632873535156,155.50399780273438,166.0,142.91000366210938,583.4000244140625,,417.32000732421875,216.55526733398438,323.6365966796875,128.20359802246094,148.23629760742188
2026-02-10,273.19244384765625,219.0506134033203,327.90142822265625,213.57000732421875,357.3381652832031,206.9600067138672,125.94999694824219,1408.7171630859375,339.1905212402344,54.51578903198242,739.5873413085938,968.283203125,85.50507354736328,177.30874633789062,318.00775146484375,317.9614562988281,47.130001068115234,234.57696533203125,315.2392883300781,142.55502319335938,75.34648895263672,456.01983642578125,1020.0718994140625,226.1794891357422,669.5256958007812,114.78086853027344,81.9487533569336,410.6646423339844,373.035888671875,82.20999908447266,188.09983825683594,158.78111267089844,165.50999450683594,139.50999450683594,541.6400146484375,,425.2099914550781,218.68348693847656,326.8838195800781,125.89826965332031,148.6088104248047
2026-02-11,275.00921630859375,217.52423095703125,338.6730041503906,213.5800018310547,359.2294616699219,204.0800018310547,125.27999877929688,1430.65087890625,341.50201416015625,53.00009536743164,772.0950317382812,975.17236328125,84.76189422607422,180.77203369140625,310.7219543457031,310.3562316894531,48.290000915527344,237.0472412109375,307.8505554199219,147.40304565429688,77.1023941040039,462.95159912109375,1010.3289184570312,234.67332458496094,667.4993286132812,116.89717864990234,81.27925109863281,401.8207702636719,410.1046142578125,79.62000274658203,189.60633850097656,156.07005310058594,165.3000030517578,135.67999267578125,599.3400268554688,,428.2699890136719,224.2664031982422,327.9496154785156,127.95516204833984,152.500732421875
2026-02-12,261.2637634277344,224.0335235595703,327.22381591796875,205.94000244140625,358.85711669921875,199.60000610351562,122.19000244140625,1401.9906005859375,329.9545593261719,51.69108581542969,755.4476318359375,995.8294067382812,74.3177719116211,177.4449462890625,308.7657775878906,308.40008544921875,46.47999954223633,240.6788330078125,299.7487487792969,144.54864501953125,77.4947738647461,468.2493896484375,1033.278076171875,230.85060119628906,648.6529541015625,116.82859802246094,78.17157745361328,399.3067626953125,413.7325439453125,75.86000061035156,186.5035858154297,155.39476013183594,162.80999755859375,129.1300048828125,630.2899780273438,,417.07000732421875,220.742431640625,322.909423828125,132.79434204101562,147.9611358642578
2026-02-13,255.32435607910156,227.97256469726562,353.6496276855469,207.32000732421875,364.2940368652344,198.7899932861328,125.27999877929688,1401.7315673828125,323.9765625,51.72061538696289,771.2980346679688,1015.389892578125,76.15094757080078,178.74856567382812,305.42236328125,305.1264343261719,46.790000915527344,239.5962371826172,299.6595764160156,145.87173461914062,77.18087005615234,476.3100280761719,1036.7271728515625,235.08253479003906,638.630859375,118.95471954345703,78.5512924194336,398.7900085449219,411.42388916015625,76.87000274658203,182.3832244873047,159.02938842773438,166.9499969482422,131.41000366210938,626.5599975585938,,417.44000244140625,223.8704376220703,312.8490295410156,133.04275512695312,146.50057983398438
2026-02-17,263.4099426269531,229.3118438720703,357.8546447753906,203.0800018310547,368.4087219238281,201.14999389648438,126.88999938964844,1414.8558349609375,331.31951904296875,51.90761947631836,761.8934326171875,1008.9794311523438,76.15094757080078,177.36343383789062,302.2286071777344,301.43359375,46.18000030517578,239.47813415527344,304.1958312988281,146.6658172607422,78.04409790039062,477.5181579589844,1032.7896728515625,235.1324462890625,638.151611328125,119.11148071289062,78.95099639892578,394.3581237792969,399.5506591796875,77.0,184.53819274902344,152.9021759033203,163.5,133.02000427246094,590.5900268554688,,410.6300048828125,223.40521240234375,318.247802734375,128.03465270996094,144.270263671875
2026-02-18,263.8791198730469,225.2349395751953,367.988525390625,200.1199951171875,374.6942443847656,204.7899932861328,127.23999786376953,1463.6259765625,332.28594970703125,52.5178337097168,749.1513061523438,993.057861328125,77.46884155273438,180.62484741210938,303.346435546875,302.7410888671875,45.459999084472656,241.1118621826172,305.8300476074219,147.67440795898438,77.97543334960938,480.54827880859375,1017.348388671875,239.63388061523438,642.0746459960938,119.19966888427734,79.03092193603516,397.0808410644531,420.70855712890625,77.98999786376953,187.5411376953125,155.08692932128906,152.35000610351562,135.3800048828125,600.4000244140625,,411.32000732421875,221.0592041015625,319.0446472167969,125.81877899169922,148.7012939453125
2026-02-19,260.11578369140625,220.9315185546875,368.9762268066406,203.3699951171875,370.5203552246094,204.86000061035156,126.93000030517578,1453.8701171875,332.76416015625,51.9371452331543,757.6792602539062,984.8229370117188,77.84539031982422,181.51876831054688,302.9671325683594,302.26202392578125,44.619998931884766,243.00144958496094,305.10699462890625,146.6368865966797,77.406494140625,485.3312072753906,1020.0,236.93902587890625,643.6318969726562,119.39561462402344,79.55054473876953,396.8517761230469,417.110595703125,77.0,187.46133422851562,155.454345703125,150.99000549316406,134.88999938964844,621.0900268554688,,411.7099914550781,215.84254455566406,317.6800231933594,124.07984161376953,148.98748779296875
2026-02-20,264.1086730957031,221.38450622558594,374.513427734375,200.14999389648438,369.7802734375,210.11000061035156,125.58000183105469,1464.4930419921875,331.4291076660156,52.22256851196289,756.8922119140625,982.2807006835938,78.47956848144531,180.68377685546875,314.2850036621094,314.3684997558594,44.11000061035156,238.65142822265625,307.82086181640625,149.24063110351562,78.31876373291016,491.6687927246094,1006.3431396484375,244.45469665527344,654.4924926757812,119.78753662109375,79.42064666748047,395.6267395019531,427.92437744140625,78.66999816894531,189.37686157226562,147.0530242919922,148.6999969482422,135.24000549316406,649.969970703125,,411.82000732421875,217.5055389404297,319.692138671875,122.21173858642578,145.345947265625
2026-02-23,265.705810546875,225.9833526611328,372.6876525878906,196.60000610351562,374.38836669921875,205.27000427246094,123.77999877929688,1480.836181640625,329.1275939941406,50.263973236083984,753.6344604492188,983.0284423828125,77.03284454345703,181.646484375,311.0812683105469,310.8852233886719,43.630001068115234,241.94839477539062,294.8262023925781,148.40863037109375,79.0250473022461,493.3323974609375,1055.2288818359375,241.8097381591797,636.1152954101562,121.31597900390625,77.73190307617188,382.9182434082031,420.728515625,76.0199966430664,191.1028289794922,140.32997131347656,144.13999938964844,130.60000610351562,666.489990234375,,399.8299865722656,217.63421630859375,305.3186340332031,125.0138931274414,148.78024291992188
2026-02-24,271.6552429199219,224.95919799804688,377.05755615234375,213.83999633789062,377.7926025390625,208.55999755859375,128.13999938964844,1492.6053466796875,324.2953796386719,49.61438751220703,765.3504028320312,995.4007568359375,77.42920684814453,182.0688934326172,310.31280517578125,310.29638671875,46.119998931884766,243.6699676513672,294.459716796875,150.30307006835938,79.18199157714844,499.08575439453125,1038.8704833984375,243.78598022460938,638.16162109375,121.42375946044922,78.33145141601562,387.429931640625,417.7702331542969,78.04000091552734,192.39979553222656,145.12648010253906,141.6699981689453,128.83999633789062,638.52001953125,,409.3800048828125,211.19012451171875,306.01593017578125,125.94794464111328,147.29994201660156
2026-02-25,273.74151611328125,223.46234130859375,394.03826904296875,210.86000061035156,379.23321533203125,210.63999938964844,131.74000549316406,1521.2156982421875,331.0903625488281,50.87418746948242,763.7364501953125,991.7418823242188,78.40029907226562,180.96865844726562,312.4186706542969,312.2925109863281,46.880001068115234,242.5717315673828,300.40240478515625,154.29644775390625,78.93675994873047,503.3141174316406,1025.5924072265625,249.00604248046875,652.5260620117188,119.98348236083984,80.85955810546875,398.9831237792969,428.75390625,82.69999694824219,195.10345458984375,146.8643341064453,144.83999633789062,134.19000244140625,632.3800048828125,,417.3999938964844,211.73455810546875,311.7632751464844,124.95427703857422,147.10256958007812
2026-02-26,272.4637756347656,221.26632690429688,374.8526611328125,203.67999267578125,374.2995300292969,207.9199981689453,129.25999450683594,1458.72314453125,320.519287109375,51.47455978393555,750.1077880859375,983.7462158203125,77.38957214355469,180.90972900390625,306.5501708984375,306.783203125,45.459999084472656,240.88975524902344,303.20538330078125,152.0648193359375,78.96619415283203,493.6492919921875,1018.8038330078125,238.61582946777344,655.8401489257812,116.88739776611328,79.23078155517578,400.0986022949219,415.3216247558594,84.58999633789062,184.4583740234375,149.26754760742188,149.39999389648438,135.94000244140625,651.9000244140625,,408.5799865722656,210.4774169921875,315.4587707519531,123.6326904296875,146.58938598632812
2026-02-27,263.70941162109375,228.54373168945312,371.4405517578125,200.2100067138672,383.012451171875,210.0,127.44999694824219,1445.5291748046875,318.377197265625,49.04354476928711,740.0455932617188,1007.7232666015625,78.73719787597656,183.46383666992188,310.82177734375,311.15472412109375,45.61000061035156,245.79718017578125,297.4310607910156,152.08876037597656,80.00598907470703,503.1259765625,1048.679443359375,233.44566345214844,647.02587890625,121.31597900390625,81.62899017333984,391.15484619140625,412.1334533691406,96.23999786376953,176.77635192871094,144.3916015625,148.9199981689453,137.19000244140625,635.3599853515625,,402.510009765625,209.96267700195312,318.88531494140625,127.14035034179688,150.49740600585938
2026-03-02,264.2484130859375,230.6905059814453,371.3208312988281,198.6199951171875,380.5851135253906,208.38999938964844,124.37000274658203,1418.602783203125,317.6498718261719,49.02386474609375,749.5000610351562,999.7276000976562,78.69756317138672,186.2537078857422,305.76165771484375,305.9248962402344,45.5,245.92579650878906,294.7172546386719,153.1262664794922,78.69152069091797,504.37371826171875,1014.7664794921875,230.56114196777344,652.396240234375,118.95471954345703,80.79960632324219,396.9413757324219,412.4333190917969,97.08999633789062,182.05398559570312,148.21490478515625,150.14999389648438,145.1699981689453,619.0800170898438,,403.32000732421875,207.6958770751953,319.25384521484375,126.29573822021484,152.19480895996094
2026-03-03,263.2801818847656,230.29661560058594,350.50897216796875,190.9499969482422,372.0004577636719,208.72999572753906,121.72000122070312,1356.2198486328125,312.68817138671875,49.18133544921875,719.4730224609375,1004.71240234375,78.24174499511719,185.43836975097656,302.9671325683594,302.9905700683594,43.099998474121094,244.13497924804688,297.3914489746094,143.78875732421875,77.82828521728516,496.78839111328125,1004.5587158203125,216.85723876953125,653.91357421875,117.40667724609375,77.45211791992188,402.2996826171875,379.4621887207031,97.69999694824219,179.62966918945312,147.97657775878906,156.08999633789062,147.22000122070312,565.4099731445312,,392.42999267578125,200.61825561523438,319.57257080078125,127.1006088256836,149.83619689941406
2026-03-04,262.0523376464844,232.5911102294922,356.9341125488281,202.07000732421875,374.2403564453125,216.82000732421875,124.11000061035156,1394.5166015625,316.3645935058594,49.506126403808594,729.226318359375,1003.685546875,80.1343765258789,182.74671936035156,302.85736083984375,302.54150390625,45.58000183105469,242.7003631591797,296.52978515625,147.2364501953125,76.6119155883789,494.3226623535156,1000.4118041992188,222.83303833007812,666.541015625,117.84757232666016,78.03167724609375,403.5645751953125,400.5400695800781,98.66000366210938,182.61268615722656,151.31326293945312,158.55999755859375,153.19000244140625,599.0599975585938,,405.94000244140625,200.34107971191406,319.2139892578125,127.00122833251953,147.85260009765625
2026-03-05,259.8263244628906,228.8096160888672,345.73004150390625,199.4499969482422,362.7251281738281,218.94000244140625,120.62000274658203,1363.6141357421875,331.54864501953125,49.02386474609375,703.433349609375,979.5889282226562,79.28219604492188,186.5484161376953,300.3222961425781,300.2958679199219,45.95000076293945,237.0904541015625,290.74554443359375,142.59263610839844,75.56230163574219,485.28167724609375,980.165771484375,214.52886962890625,659.393798828125,113.72270965576172,75.62348175048828,409.0224304199219,396.8222351074219,99.16999816894531,182.9119873046875,153.7164764404297,163.16000366210938,152.6699981689453,565.5900268554688,,405.54998779296875,195.97573852539062,318.5466003417969,122.52971649169922,148.78024291992188
2026-03-06,257.0013427734375,226.60374450683594,323.9903564453125,192.42999267578125,364.6295166015625,213.2100067138672,114.37999725341797,1288.3162841796875,329.26708984375,48.1429557800293,678.3477783203125,995.0717163085938,77.9246597290039,186.58770751953125,297.7174377441406,297.9404296875,43.41999816894531,237.85227966308594,286.7144470214844,134.1320037841797,75.5721206665039,480.0135498046875,987.2135009765625,199.18968200683594,643.7117309570312,113.44837188720703,89.50310516357422,407.30938720703125,370.08758544921875,99.0199966430664,177.4048614501953,151.89918518066406,165.0500030517578,157.16000366210938,527.3300170898438,,396.7300109863281,191.2738037109375,316.1161804199219,123.0166244506836,149.22434997558594
2026-03-09,259.41705322265625,223.98428344726562,338.1575622558594,202.67999267578125,371.9708557128906,213.49000549316406,117.62999725341797,1352.712158203125,344.4810485839844,47.410518646240234,702.1781005859375,1002.2498779296875,75.51676177978516,186.09652709960938,305.6275329589844,305.98040771484375,45.58000183105469,240.01905822753906,287.1502685546875,142.5666961669922,76.31764221191406,478.9044494628906,1005.2167358398438,211.00135803222656,646.2373046875,114.7416763305664,92.58080291748047,407.757568359375,389.0966796875,98.31999969482422,182.2235870361328,150.50888061523438,165.10000610351562,156.42999267578125,588.72998046875,,398.67999267578125,194.2137451171875,314.73162841796875,123.55319213867188,148.46444702148438
2026-03-10,260.3653564453125,223.5509796142578,345.0815734863281,203.22999572753906,370.4512634277344,214.3300018310547,120.55000305175781,1378.60205078125,341.3226623535156,48.06377410888672,713.9935913085938,994.333984375,76.99320983886719,183.0021209716797,306.54638671875,306.65960693359375,46.779998779296875,241.12721252441406,285.97161865234375,144.94497680664062,76.39611053466797,473.27984619140625,998.1987915039062,215.0784912109375,652.9053344726562,114.72207641601562,93.2303237915039,404.122314453125,402.8787536621094,96.94000244140625,184.33865356445312,148.36386108398438,165.5800018310547,151.13999938964844,618.8900146484375,,399.239990234375,195.46099853515625,313.1976623535156,124.32826232910156,146.18479919433594
2026-03-11,260.34539794921875,224.21075439453125,350.25958251953125,204.8300018310547,372.6319885253906,212.64999389648438,120.0999984741211,1381.87060546875,340.3163757324219,48.0241813659668,704.937744140625,989.2195434570312,77.38957214355469,188.40505981445312,308.0345153808594,308.31756591796875,47.97999954223633,240.41482543945312,284.77313232421875,146.1480712890625,76.15087127685547,478.45635986328125,996.693603515625,218.71592712402344,653.6939086914062,113.85987854003906,90.3724594116211,403.245849609375,418.4498291015625,94.88999938964844,185.60574340820312,161.98870849609375,164.92999267578125,151.60000610351562,655.4299926757812,,407.82000732421875,196.6587371826172,307.74908447265625,122.70857238769531,149.5894775390625
2026-03-12,255.3043975830078,221.9359588623047,336.4914245605469,197.74000549316406,362.91259765625,209.52999877929688,115.12000274658203,1346.892333984375,334.7369384765625,46.64838790893555,698.0635986328125,1000.2759399414062,77.03284454345703,193.49363708496094,302.8310241699219,303.17388916015625,45.25,239.47488403320312,280.1874084472656,140.61839294433594,76.13125610351562,487.25946044921875,974.1746215820312,209.34254455566406,637.0436401367188,113.5659408569336,87.60452270507812,400.2380065917969,405.1174621582031,94.30999755859375,182.7223358154297,158.0561981201172,168.1199951171875,153.5,618.8200073242188,,395.010009765625,188.12600708007812,305.29876708984375,124.53694152832031,151.5138702392578
2026-03-13,249.6744384765625,216.33267211914062,340.7416076660156,193.38999938964844,361.353515625,207.6699981689453,115.75,1341.022705078125,320.9776306152344,46.242576599121094,691.388671875,1005.3704223632812,77.61747741699219,193.34629821777344,301.08319091796875,301.9054870605469,45.77000045776367,238.9604034423828,280.7321472167969,141.52320861816406,76.38804626464844,490.7469482421875,981.9800415039062,212.05062866210938,612.6171875,113.27201080322266,87.79438018798828,393.9534912109375,425.88555908203125,95.30999755859375,179.8389434814453,154.03427124023438,167.02000427246094,150.9499969482422,661.6199951171875,,391.20001220703125,188.84861755371094,305.9362487792969,125.71940612792969,154.06985473632812
2026-03-16,252.36964416503906,218.07569885253906,345.3808288574219,196.5800018310547,361.3930358886719,211.74000549316406,121.69999694824219,1370.7891845703125,323.7275085449219,46.579105377197266,697.156982421875,998.70068359375,78.18229675292969,193.3659210205078,304.0395202636719,305.1814270019531,45.7599983215332,240.61270141601562,283.4261474609375,143.478515625,76.86214447021484,494.2145080566406,986.00732421875,219.24554443359375,626.8690185546875,113.93331909179688,91.51160430908203,398.33575439453125,441.54656982421875,95.19999694824219,182.80215454101562,154.8883056640625,167.4499969482422,152.72000122070312,703.6300048828125,,395.55999755859375,192.16470336914062,308.8945617675781,125.19275665283203,155.165283203125
2026-03-17,253.77711486816406,216.4114532470703,351.6463623046875,196.30999755859375,356.3409118652344,215.1999969482422,127.30999755859375,1384.342041015625,320.1307373046875,46.796852111816406,699.36865234375,993.1375732421875,78.5489273071289,194.4759979248047,309.0232849121094,310.5347900390625,44.060001373291016,235.5865478515625,284.1492004394531,147.77914428710938,76.62510681152344,490.8760681152344,927.4222412109375,226.31057739257812,622.0834350585938,114.36762237548828,90.7221908569336,397.7979431152344,461.4251708984375,94.36000061035156,181.51510620117188,153.6171875,169.19000244140625,155.0800018310547,720.1699829101562,,399.2699890136719,192.48146057128906,307.25103759765625,124.28852081298828,156.7245330810547
2026-03-18,249.49476623535156,205.1654510498047,348.66326904296875,199.4600067138672,346.81890869140625,209.8699951171875,128.36000061035156,1350.469970703125,314.7704772949219,46.3514518737793,691.0200805664062,976.9468383789062,76.89411926269531,195.1046905517578,305.9171447753906,307.30877685546875,45.029998779296875,234.7653350830078,284.9910583496094,147.8798828125,75.03491973876953,485.4313049316406,915.1609497070312,224.55181884765625,615.1099243164062,113.015380859375,87.5545654296875,390.20867919921875,461.46514892578125,94.69999694824219,179.98858642578125,151.83958435058594,168.91000366210938,152.77000427246094,753.6900024414062,,392.7799987792969,188.84861755371094,297.8480529785156,121.2081298828125,155.5205535888672
2026-03-19,248.5165252685547,203.0876007080078,356.3853759765625,205.27000427246094,345.27960205078125,208.75999450683594,129.82000732421875,1361.6510009765625,318.6661376953125,46.52960968017578,686.0687255859375,971.822509765625,77.79584503173828,197.88475036621094,305.3478698730469,306.7494812011719,46.18000030517578,235.0819549560547,285.2188415527344,150.7888946533203,74.62008666992188,486.65338134765625,914.6127319335938,233.82528686523438,606.1382446289062,112.71926879882812,89.463134765625,387.4498596191406,444.01513671875,91.73999786376953,178.15277099609375,154.44143676757812,169.74000549316406,155.67999267578125,772.0900268554688,,380.29998779296875,186.38381958007812,298.53533935546875,120.32376098632812,156.08306884765625
2026-03-20,247.54823303222656,201.94529724121094,356.2357482910156,201.3300018310547,343.1876525878906,205.3699951171875,132.35000610351562,1312.681396484375,309.3703918457031,46.678077697753906,678.327880859375,969.3799438476562,76.94367218017578,198.16961669921875,298.41656494140625,300.6270751953125,43.869998931884766,232.87557983398438,283.8223571777344,149.50698852539062,73.8299331665039,485.0140075683594,903.8467407226562,228.19924926757812,593.1102905273438,112.69953155517578,87.84434509277344,380.3287048339844,422.65740966796875,91.81999969482422,172.30615234375,148.6419219970703,162.9499969482422,150.67999267578125,709.7100219726562,,367.9599914550781,185.29495239257812,300.4378662109375,118.50957489013672,157.5732421875
2026-03-23,251.04200744628906,201.8074188232422,360.9548034667969,202.67999267578125,345.13153076171875,210.13999938964844,136.88999938964844,1364.8697509765625,322.0003967285156,47.034400939941406,699.06982421875,962.7999267578125,78.10301971435547,201.5882110595703,298.646240234375,301.685791015625,44.0099983215332,232.925048828125,287.14031982421875,150.77992248535156,74.18550109863281,474.9788818359375,907.6845092773438,233.14576721191406,603.5006713867188,114.1800765991211,90.09266662597656,381.4541931152344,404.1180419921875,93.37999725341797,175.23944091796875,153.2696075439453,164.0500030517578,160.83999633789062,702.489990234375,,380.8500061035156,186.7203826904297,303.246826171875,120.2022933959961,159.0140838623047
2026-03-24,251.1917266845703,202.0733184814453,373.12664794921875,205.3699951171875,343.809326171875,207.24000549316406,134.9600067138672,1394.5665283203125,317.78704833984375,47.64806365966797,713.94384765625,970.8654174804688,80.12446594238281,203.14031982421875,288.83856201171875,290.0801696777344,44.060001373291016,232.77664184570312,289.6065368652344,156.24276733398438,73.75091552734375,476.75738525390625,900.1782836914062,238.671875,592.3709716796875,114.86113739013672,92.29102325439453,371.2355651855469,395.3031005859375,90.91999816894531,174.80044555664062,146.06988525390625,157.2100067138672,154.77999877929688,702.47998046875,,383.0299987792969,192.65963745117188,302.5694885253906,121.5265884399414,163.20826721191406
2026-03-25,252.16998291015625,204.0231170654297,368.48736572265625,220.27000427246094,349.23638916015625,211.7100067138672,157.07000732421875,1389.0556640625,318.30621337890625,48.2518310546875,716.3447875976562,971.9022216796875,81.08564758300781,201.5292510986328,289.22802734375,290.5695495605469,47.18000030517578,237.3872528076172,292.59771728515625,154.0111541748047,74.32377624511719,489.17706298828125,913.4264526367188,233.28565979003906,594.3391723632812,117.82223510742188,98.37647247314453,369.5424499511719,381.8708190917969,92.27999877929688,178.2725067138672,145.00732421875,153.22000122070312,154.9600067138672,677.8599853515625,,385.95001220703125,194.77796936035156,303.7149658203125,122.5322494506836,161.11610412597656
2026-03-26,252.43951416015625,207.90310668945312,337.7684631347656,203.77000427246094,348.47662353515625,207.5399932861328,154.8000030517578,1324.888916015625,308.9310607910156,47.74704360961914,700.55419921875,976.677734375,81.41265106201172,204.12266540527344,280.38909912109375,280.57196044921875,44.099998474121094,236.70458984375,288.8736267089844,144.764404296875,73.77067565917969,492.30682373046875,894.17724609375,211.4710235595703,547.032958984375,117.387939453125,97.60704803466797,364.4928894042969,355.256103515625,93.31999969482422,170.8494873046875,141.81956481933594,156.36000061035156,147.55999755859375,603.1699829101562,,372.1099853515625,191.45199584960938,304.33251953125,121.6560287475586,163.25759887695312
2026-03-27,248.35679626464844,206.2093048095703,336.39166259765625,201.99000549316406,344.14483642578125,199.33999633789062,144.1300048828125,1297.95263671875,300.2048645019531,46.49002456665039,692.7933959960938,980.8749389648438,79.1930160522461,207.42335510253906,273.4178466796875,274.0001220703125,43.130001068115234,237.90174865722656,280.13787841796875,143.97430419921875,74.77812194824219,487.96490478515625,875.4762573242188,211.2611846923828,525.233154296875,118.07886505126953,94.80913543701172,355.3300476074219,357.01507568359375,93.43000030517578,167.13796997070312,138.69142150878906,147.02000427246094,143.05999755859375,615.8300170898438,,361.8299865722656,188.40316772460938,294.3617858886719,122.36298370361328,168.7445831298828
2026-03-30,246.19065856933594,209.87261962890625,322.37408447265625,196.0399932861328,344.37176513671875,200.9499969482422,136.9600067138672,1249.6109619140625,292.94635009765625,46.74736022949219,664.9282836914062,993.5563354492188,76.3392105102539,206.99114990234375,272.7986145019531,273.1611633300781,41.189998626708984,239.92013549804688,281.0589904785156,137.92587280273438,75.33122253417969,496.0526428222656,883.83984375,199.7892608642578,535.8833618164062,116.5687026977539,87.74442291259766,357.5111999511719,321.75048828125,92.97000122070312,164.79331970214844,137.83738708496094,154.35000610351562,137.5500030517578,572.5,,355.2799987792969,184.53274536132812,298.36602783203125,122.9703598022461,169.21827697753906
2026-03-31,253.33790588378906,214.17604064941406,341.0010070800781,203.42999267578125,347.1839904785156,208.27000427246094,151.27999877929688,1316.2489013671875,309.02093505859375,48.2518310546875,705.804443359375,993.4067993164062,76.88420867919922,203.2483673095703,286.5014343261719,287.2037353515625,44.130001068115234,241.84947204589844,291.3497314453125,146.88729858398438,75.11393737792969,492.5751037597656,916.8756103515625,213.5095977783203,571.6002197265625,118.73030853271484,98.97602844238281,368.67596435546875,337.7880554199219,96.1500015258789,174.00225830078125,146.08975219726562,160.32000732421875,146.27999877929688,635.3400268554688,,371.75,192.1746063232422,301.055419921875,123.74702453613281,167.4320526123047
2026-04-01,255.1746368408203,211.70428466796875,352.9832458496094,210.2100067138672,348.5950012207031,210.57000732421875,155.07000732421875,1355.0439453125,312.99462890625,48.766517639160156,727.58251953125,993.5364379882812,77.22112274169922,193.92587280273438,294.5314025878906,297.0215759277344,48.029998779296875,241.53285217285156,292.5580749511719,151.618896484375,75.14356231689453,490.6575012207031,951.5161743164062,221.8537139892578,578.6936645507812,119.27317810058594,106.63030242919922,367.8791809082031,367.7934265136719,95.55000305175781,175.34918212890625,144.22279357910156,160.6699981689453,146.49000549316406,692.72998046875,,381.260009765625,194.312744140625,297.3400573730469,124.20504760742188,158.66867065429688
2026-04-02,255.464111328125,205.65785217285156,347.6655578613281,217.5,343.3258361816406,209.77000427246094,149.11000061035156,1312.6614990234375,314.0529479980469,48.87539291381836,714.5315551757812,1011.880615234375,78.7254867553711,195.45834350585938,294.0919494628906,295.403564453125,50.380001068115234,240.46429443359375,291.7855224609375,151.3196258544922,75.77568817138672,499.37115478515625,932.6358032226562,218.28623962402344,573.9281005859375,119.30279541015625,107.0300064086914,371.9526672363281,366.18365478515625,98.66000366210938,176.98545837402344,145.3648223876953,163.2100067138672,148.4600067138672,701.5900268554688,,360.5899963378906,192.897216796875,299.6210632324219,125.25054931640625,158.57984924316406
2026-04-06,258.39886474609375,203.5406036376953,351.80596923828125,220.17999267578125,338.02703857421875,212.7899932861328,148.77000427246094,1299.4873046875,313.9331359863281,49.54844665527344,718.5364990234375,1015.459716796875,80.14019775390625,195.35028076171875,297.2879638671875,299.6183166503906,50.779998779296875,238.41622924804688,294.125,153.6360321044922,76.26953887939453,496.2612609863281,924.142578125,220.4946746826172,572.4894409179688,119.28304290771484,109.42822265625,371.3750305175781,377.701904296875,98.93000030517578,177.23487854003906,144.53062438964844,161.9499969482422,147.92999267578125,724.6300048828125,,352.82000732421875,197.40113830566406,302.1411437988281,126.24625396728516,161.2246551513672
2026-04-07,253.0484161376953,203.22547912597656,353.4920959472656,221.52999877929688,335.4911193847656,213.77000427246094,143.86000061035156,1301.9188232421875,333.4422607421875,49.766197204589844,721.7245483398438,1010.1359252929688,80.37930297851562,197.98297119140625,303.5501403808594,305.08154296875,52.90999984741211,235.8833770751953,296.0662536621094,154.51292419433594,74.97566223144531,491.41259765625,928.1599731445312,224.19207763671875,574.5175170898438,117.7333984375,109.29830932617188,370.78741455078125,377.52191162109375,98.81999969482422,177.69383239746094,142.1770782470703,169.8699951171875,150.07000732421875,710.7999877929688,,346.6499938964844,197.71791076660156,301.3642272949219,121.9646987915039,161.757568359375
2026-04-08,258.4388122558594,208.36593627929688,384.82958984375,231.82000732421875,345.1710510253906,221.25,148.91000366210938,1416.1214599609375,350.0759582519531,51.349849700927734,768.6878662109375,1027.14404296875,83.38804626464844,189.4856414794922,314.34661865234375,316.9268798828125,58.95000076293945,238.7427520751953,306.5888366699219,166.83226013183594,76.33866882324219,497.2648010253906,950.300048828125,246.31649780273438,611.8529052734375,121.58283996582031,114.3645248413086,372.8191223144531,406.6674499511719,99.38999938964844,181.66476440429688,142.66368103027344,173.77999877929688,140.75999450683594,780.9000244140625,,343.25,206.78517150878906,307.74908447265625,126.71424865722656,154.16854858398438
2026-04-09,260.0259704589844,209.16360473632812,396.89166259765625,236.63999938964844,350.8842468261719,233.64999389648438,149.7949981689453,1443.61572265625,354.34918212890625,52.171363830566406,784.1198120117188,1028.89892578125,82.86002349853516,187.0002899169922,315.9745788574219,318.09539794921875,61.720001220703125,238.7526397705078,308.938232421875,172.31106567382812,77.21771240234375,500.066650390625,952.18408203125,258.5778503417969,627.8081665039062,121.08932495117188,119.8404312133789,371.5642395019531,421.4451904296875,102.05000305175781,183.4906005859375,137.38204956054688,166.99000549316406,130.49000549316406,851.5700073242188,,345.6199951171875,212.80361938476562,307.08172607421875,128.5762176513672,153.00404357910156
2026-04-10,260.0159912109375,204.7715606689453,398.5677795410156,245.0399932861328,346.3649597167969,238.3800048828125,148.92999267578125,1473.1529541015625,370.9628601074219,52.00310134887695,787.6962890625,995.4406127929688,81.91356658935547,185.2222442626953,315.3254089355469,316.8469543457031,62.380001068115234,235.93284606933594,308.4803161621094,173.31065368652344,76.5164566040039,499.9176025390625,936.5135498046875,263.4743957519531,629.2767333984375,119.84565734863281,128.45831298828125,369.37310791015625,420.52532958984375,103.01000213623047,188.1998291015625,137.6112518310547,155.72999572753906,128.05999755859375,851.77001953125,,348.95001220703125,212.55615234375,303.1671142578125,126.2263412475586,150.5072479248047
2026-04-13,258.73828125,203.32395935058594,394.8164978027344,246.8300018310547,345.180908203125,239.88999938964844,157.5800018310547,1494.996826171875,379.1499328613281,52.80482482910156,788.7623291015625,977.8740234375,82.04307556152344,188.39523315429688,318.81103515625,320.91192626953125,65.18000030517578,235.43814086914062,312.2732238769531,176.45309448242188,75.4695053100586,505.6008605957031,926.624755859375,267.1318359375,633.9425048828125,118.59212493896484,131.2676239013672,382.8186340332031,426.4944152832031,103.16000366210938,188.87826538085938,155.08047485351562,162.50999450683594,132.3699951171875,952.5,,352.4200134277344,214.51611328125,308.17742919921875,124.03577423095703,150.63555908203125
2026-04-14,258.3689270019531,207.0561981201172,394.7266845703125,255.07000732421875,346.2958984375,249.02000427246094,161.22000122070312,1513.0341796875,380.17828369140625,52.80482482910156,791.2728881835938,971.8424682617188,82.30210876464844,183.71925354003906,330.16680908203125,332.49755859375,63.810001373291016,237.5554656982422,309.7247009277344,179.15957641601562,74.96578216552734,496.44012451171875,919.5969848632812,272.2182312011719,661.8765258789062,118.40458679199219,133.7969970703125,391.5233459472656,465.5884094238281,106.27999877929688,196.0618438720703,162.4348907470703,161.58999633789062,135.6999969482422,944.4600219726562,,364.20001220703125,216.65423583984375,310.149658203125,124.51372528076172,147.28021240234375
2026-04-15,265.95538330078125,206.9469757080078,393.349853515625,258.1199951171875,343.60211181640625,248.5,159.33999633789062,1476.630859375,396.0931091308594,53.76491165161133,767.2831420898438,981.7622680664062,82.05303955078125,181.646484375,334.05194091796875,336.70233154296875,64.94000244140625,236.14060974121094,304.5579833984375,174.3910675048828,74.38304138183594,494.7410888671875,902.1820068359375,264.9733581542969,670.9581909179688,116.37129974365234,134.56680297851562,409.5602722167969,456.15985107421875,107.70999908447266,198.41647338867188,169.22128295898438,164.11000061035156,142.14999389648438,891.719970703125,,391.95001220703125,214.10035705566406,314.671875,124.22496795654297,147.05322265625
2026-04-16,262.9307861328125,207.51295471191406,388.99993896484375,278.260009765625,344.756591796875,249.6999969482422,162.3300018310547,1405.9368896484375,397.8403625488281,52.96318817138672,769.7637329101562,984.21484375,84.18506622314453,184.8292999267578,332.35406494140625,335.6036682128906,68.5,232.05438232421875,308.5599670410156,173.06825256347656,74.25464630126953,496.01287841796875,901.1452026367188,260.77630615234375,676.2432250976562,113.96292877197266,133.33709716796875,418.56378173828125,457.1596984863281,107.79000091552734,197.8976593017578,177.72171020507812,166.97000122070312,142.75999450683594,919.469970703125,,388.8999938964844,220.8414306640625,313.86505126953125,124.28470611572266,149.98422241210938
2026-04-17,269.7486267089844,206.9072723388672,396.023681640625,278.3900146484375,350.58819580078125,250.55999755859375,166.72999572753906,1454.737060546875,405.8976135253906,53.359100341796875,791.67138671875,996.8563232421875,85.92854309082031,180.7427215576172,338.97576904296875,341.2566833496094,68.5,231.6981964111328,308.8984375,178.71363830566406,74.80774688720703,489.0677795410156,924.1127319335938,267.41162109375,687.9124145507812,117.526123046875,139.65554809570312,421.0835876464844,455.0000305175781,97.30999755859375,201.2200469970703,174.4530792236328,167.85000610351562,146.38999938964844,920.989990234375,,400.6199951171875,227.493408203125,315.7774963378906,126.95321655273438,144.5169677734375
2026-04-20,272.5635681152344,202.27027893066406,390.7159729003906,274.95001220703125,345.5163879394531,248.27999877929688,175.10000610351562,1471.379150390625,398.9985046386719,53.3986930847168,796.921630859375,994.8125610351562,87.38310241699219,180.01577758789062,334.98077392578125,337.0019836425781,65.69999694824219,228.2451934814453,315.5683898925781,180.09832763671875,74.55094909667969,494.94976806640625,917.0051879882812,262.9747619628906,670.2887573242188,115.58167266845703,147.80352783203125,416.38262939453125,448.3510437011719,94.83000183105469,201.59918212890625,176.96435546875,169.55999755859375,145.88999938964844,913.02001953125,,392.5,231.3341064453125,312.7095642089844,127.37140655517578,145.7406768798828
2026-04-21,265.69586181640625,203.67030334472656,393.419677734375,284.489990234375,340.2866516113281,249.91000366210938,175.49000549316406,1453.909912109375,401.5345153808594,52.93349838256836,798.9678344726562,1002.7583618164062,89.36568450927734,182.69760131835938,330.05694580078125,331.8783264160156,66.26000213623047,223.76318359375,311.5962829589844,178.1081085205078,73.78054809570312,491.6610107421875,900.1782836914062,258.1881103515625,668.220703125,111.10053253173828,151.27267456054688,422.4480285644531,449.3109130859375,92.58000183105469,199.42417907714844,180.54190063476562,174.9600067138672,145.97000122070312,903.489990234375,,386.4200134277344,230.7896728515625,308.72528076171875,129.04421997070312,146.41175842285156
2026-04-22,272.68341064453125,199.08294677734375,402.548583984375,303.4599914550781,341.3326110839844,255.36000061035156,196.57000732421875,1438.653076171875,421.98211669921875,52.577171325683594,807.3722534179688,1000.65478515625,89.46531677246094,183.03160095214844,337.3078918457031,338.8996276855469,65.2699966430664,223.70384216308594,311.6161804199219,180.77069091796875,73.7114028930664,491.4424133300781,918.5801391601562,265.3630676269531,674.09521484375,111.42625427246094,157.2812042236328,431.1726989746094,487.4050598144531,93.23999786376953,202.03819274902344,186.84996032714844,181.1999969482422,152.6199951171875,979.0700073242188,,387.510009765625,233.9176788330078,310.0699462890625,129.4225616455078,147.5367889404297
2026-04-23,272.9429016113281,199.52976989746094,402.97760009765625,305.3299865722656,343.9967956542969,255.0800018310547,204.61000061035156,1412.8826904296875,419.27642822265625,51.93381881713867,833.6934204101562,1011.3023681640625,88.25981903076172,184.2890167236328,337.327880859375,338.47015380859375,66.77999877929688,228.2056121826172,310.29217529296875,181.1068878173828,75.34109497070312,504.79608154296875,914.76220703125,258.37799072265625,658.5396728515625,113.13382720947266,165.5191650390625,414.0719909667969,481.64593505859375,92.81999969482422,199.18470764160156,175.66885375976562,173.2100067138672,141.57000732421875,932.4299926757812,,373.7200012207031,279.372802734375,307.66943359375,131.46377563476562,148.5532684326172
2026-04-24,270.5771179199219,197.3056182861328,416.0772705078125,347.80999755859375,339.98077392578125,263.989990234375,234.80999755859375,1452.644287109375,422.09197998046875,51.51810836791992,829.2516479492188,1008.0821533203125,88.67826080322266,181.94119262695312,341.89215087890625,343.9732971191406,82.54000091552734,225.0889892578125,306.8974609375,193.03515625,75.6867904663086,507.0216979980469,881.1782836914062,267.59149169921875,674.4049682617188,110.4490966796875,164.26947021484375,422.90618896484375,496.64361572265625,92.44000244140625,207.79502868652344,172.67926025390625,178.5399932861328,143.08999633789062,989.9000244140625,,376.29998779296875,274.3343811035156,308.2073059082031,129.3628387451172,146.9545440673828
2026-04-27,267.1332702636719,195.98501586914062,403.9253845214844,334.6300048828125,335.6687316894531,261.1199951171875,215.8800048828125,1430.5897216796875,417.5391845703125,52.09218215942383,827.2553100585938,994.9820556640625,87.9310531616211,181.51876831054688,348.0843811035156,349.90594482421875,84.98999786376953,222.95188903808594,310.232421875,189.54356384277344,74.51144409179688,507.46881103515625,865.5376586914062,259.287353515625,677.9916381835938,108.80075073242188,158.17098999023438,423.1053771972656,524.4793090820312,91.37000274658203,216.1160125732422,172.36036682128906,182.89999389648438,143.10000610351562,1070.199951171875,,378.6700134277344,266.77166748046875,308.4363708496094,127.04281616210938,146.24400329589844
2026-04-28,270.2277526855469,196.29281616210938,380.2301940917969,323.2099914550781,335.06683349609375,259.70001220703125,198.64999389648438,1382.771728515625,399.19818115234375,52.12187576293945,816.3555908203125,990.9841918945312,86.53627014160156,185.0355987548828,347.065673828125,349.3466491699219,84.5199966430664,225.37591552734375,310.0532531738281,180.4624481201172,77.3856201171875,507.01177978515625,871.2495727539062,251.0531463623047,670.7183837890625,108.60334014892578,153.19219970703125,427.5174865722656,504.21246337890625,92.2699966430664,212.68385314941406,165.3846435546875,180.99000549316406,141.17999267578125,1002.3499755859375,,376.0199890136719,262.3172607421875,308.0877380371094,127.04281616210938,148.58287048339844
2026-04-29,269.688720703125,202.44898986816406,381.706787109375,337.1099853515625,333.537353515625,263.0400085449219,201.69000244140625,1392.279296875,404.809326171875,52.339630126953125,808.550048828125,995.6400146484375,89.23616790771484,188.8274688720703,346.8758850097656,349.5064697265625,94.75,224.94058227539062,307.86309814453125,181.18470764160156,77.89922332763672,501.46759033203125,848.5313110351562,248.57489013671875,668.5004272460938,109.51140594482422,156.53138732910156,422.746826171875,518.3803100585938,92.12000274658203,208.77279663085938,163.26202392578125,181.5399932861328,137.97000122070312,1064.2099609375,,372.79998779296875,266.4945373535156,333.5475769042969,127.46102142333984,152.63890075683594
2026-04-30,270.86663818359375,209.8264923095703,393.5793151855469,354.489990234375,341.6582336425781,265.05999755859375,210.32000732421875,1437.13134765625,416.7703857421875,52.913700103759766,888.4617919921875,1011.451904296875,91.15898132324219,189.8982391357422,381.4626159667969,384.3232421875,94.4800033569336,227.41409301757812,311.82525634765625,174.61451721191406,77.79057312011719,497.9205627441406,931.6588745117188,257.678466796875,611.3433837890625,107.76435852050781,165.10926818847656,406.1341552734375,517.0804443359375,93.61000061035156,199.1148681640625,160.83047485351562,179.32000732421875,139.11000061035156,1096.510009765625,,381.6300048828125,278.23443603515625,328.5472412109375,131.3642120361328,152.30335998535156
2026-05-01,279.6409912109375,205.1398468017578,388.1817932128906,360.5400085449219,325.4461364746094,268.260009765625,211.17999267578125,1425.1768798828125,420.6142883300781,52.69594955444336,888.0225830078125,1010.0940551757812,91.50767517089844,187.2655487060547,382.74102783203125,385.2121887207031,99.62000274658203,224.7822723388672,311.06866455078125,172.21131896972656,77.61279296875,504.656982421875,960.2984619140625,256.5392761230469,608.1863403320312,110.70572662353516,164.90931701660156,412.76727294921875,542.1266479492188,92.05999755859375,197.9974365234375,171.23428344726562,181.0800018310547,144.07000732421875,1187.0,,390.82000732421875,278.175048828125,326.7443542480469,131.03562927246094,150.74411010742188
2026-05-04,276.3368225097656,206.68882751464844,390.47650146484375,341.5400085449219,319.5552978515625,272.04998779296875,203.25999450683594,1384.41943359375,415.84185791015625,51.65667724609375,873.1602172851562,1011.1823120117188,92.2847671508789,188.8863983154297,379.16552734375,382.7751770019531,95.77999877929688,221.82395935058594,306.270263671875,170.92041015625,77.22759246826172,490.3793029785156,964.884033203125,258.38800048828125,609.8447875976562,111.6434097290039,163.61964416503906,411.9505615234375,576.3613891601562,91.0199966430664,198.02734375,179.66494750976562,184.55999755859375,146.02999877929688,1255.8599853515625,,392.510009765625,278.04638671875,325.5690002441406,129.77108764648438,151.67176818847656
2026-05-05,283.67376708984375,204.65330505371094,409.87164306640625,355.260009765625,325.21917724609375,273.54998779296875,208.83999633789062,1441.0562744140625,426.6846923828125,52.577171325683594,902.9150390625,1014.8065185546875,93.94854736328125,189.24005126953125,383.7897033691406,387.9487609863281,108.1500015258789,223.15966796875,308.0124206542969,172.87371826171875,77.51402282714844,497.0760192871094,985.758056640625,275.6058349609375,604.3998413085938,111.6828842163086,168.7083740234375,409.7196044921875,640.1015625,87.88999938964844,196.05186462402344,184.70741271972656,183.97999572753906,135.91000366210938,1406.3199462890625,,389.3699951171875,279.568603515625,320.76788330078125,130.22909545898438,152.8461456298828
2026-05-06,286.99786376953125,203.5809326171875,427.6305236816406,421.3900146484375,326.7190246582031,274.989990234375,237.3000030517578,1542.7447509765625,424.7677307128906,53.052268981933594,925.213623046875,994.1693725585938,91.29845428466797,181.89207458496094,394.6461181640625,397.546875,113.01000213623047,222.23951721191406,313.4877624511719,181.19268798828125,78.25479888916016,498.6458435058594,983.9437866210938,296.9608154296875,612.3125,112.08756256103516,172.10752868652344,412.2891845703125,666.487548828125,88.2699966430664,207.3560333251953,193.35731506347656,183.67999267578125,133.7899932861328,1409.97998046875,,398.7300109863281,287.9656066894531,317.5505065917969,129.52215576171875,146.7374267578125
2026-05-07,286.927978515625,201.27734375,409.69207763671875,408.4599914550781,324.7257995605469,271.1700134277344,213.30999755859375,1514.64111328125,411.9080810546875,52.21095657348633,894.031494140625,1010.4534912109375,91.81652069091797,179.2790069580078,394.805908203125,397.4969177246094,109.62000274658203,220.15187072753906,304.8964538574219,175.90142822265625,77.46463775634766,490.6773986816406,971.8919067382812,286.31829833984375,616.2388305664062,110.84391021728516,159.9705352783203,419.07171630859375,646.5305786132812,88.25,211.01766967773438,193.91537475585938,196.52999877929688,137.0500030517578,1339.9599609375,,411.7900085449219,283.7869873046875,320.0207824707031,129.64163208007812,144.65513610839844
2026-05-08,292.7974853515625,200.1255340576172,434.434814453125,455.19000244140625,327.30120849609375,272.67999267578125,213.27000427246094,1589.9637451171875,429.3205261230469,50.78567123413086,895.7882080078125,1007.1886596679688,96.2100830078125,178.41455078125,396.5537414550781,400.3034362792969,124.91999816894531,218.9744873046875,300.74517822265625,186.46998596191406,77.45476531982422,489.9918212890625,945.4652709960938,293.8429870605469,609.0654907226562,109.93583679199219,170.08804321289062,413.44451904296875,746.6951293945312,87.48999786376953,214.709228515625,195.27066040039062,207.8800048828125,137.8000030517578,1562.3399658203125,,428.3500061035156,286.33392333984375,317.54058837890625,130.1184844970703,142.67153930664062
2026-05-11,292.42779541015625,201.34683227539062,442.5959167480469,458.7900085449219,325.21917724609375,268.989990234375,212.64999389648438,1563.78759765625,427.75299072265625,50.0334358215332,925.0738525390625,997.8834228515625,98.3520736694336,181.4794921875,386.28656005859375,388.15850830078125,129.44000244140625,219.08331298828125,298.6545715332031,184.07574462890625,77.69181060791016,501.1595764160156,963.9469604492188,295.8415832519531,598.3054809570312,109.83712768554688,170.79786682128906,410.99444580078125,795.2077026367188,85.44999694824219,218.93955993652344,193.16796875,213.66000366210938,136.88999938964844,1547.56005859375,,445.0,296.24322509765625,322.5906982421875,127.28527069091797,147.7144317626953
2026-05-12,294.54595947265625,206.39093017578125,430.20458984375,448.2900085449219,331.8303527832031,265.82000732421875,207.9199981689453,1518.9754638671875,418.6374206542969,50.261085510253906,910.4510498046875,1020.2578735351562,98.9199447631836,182.66812133789062,383.34027099609375,386.8701171875,120.61000061035156,221.88331604003906,303.5126953125,180.69985961914062,79.0449447631836,500.63299560546875,986.7549438476562,289.036376953125,602.441650390625,110.91300201416016,164.4594268798828,406.1241760253906,766.462158203125,87.66000366210938,220.27650451660156,186.18228149414062,215.60000610351562,136.0,1452.02001953125,,433.45001220703125,293.6664123535156,325.8147277832031,130.0386962890625,148.65196228027344
2026-05-13,298.6124572753906,207.0264129638672,435.6020812988281,445.5,331.98822021484375,270.1300048828125,221.2100067138672,1579.537109375,416.13140869140625,49.330692291259766,900.6292114257812,1031.4400634765625,101.4903335571289,182.71725463867188,398.541259765625,402.1211853027344,120.29000091552734,227.97804260253906,298.9034729003906,184.52664184570312,79.2721176147461,509.9626770019531,1012.553466796875,295.2320251464844,616.0590209960938,111.97898864746094,177.90611267089844,403.57452392578125,803.5064086914062,87.55999755859375,225.3149871826172,189.10211181640625,227.7899932861328,130.0500030517578,1447.22998046875,,445.2699890136719,304.7795104980469,319.7160339355469,131.156005859375,149.57962036132812
2026-05-14,297.9530334472656,209.28038024902344,439.5429992675781,449.70001220703125,331.7711181640625,267.2200012207031,228.5,1582.46337890625,439.0950622558594,49.3405876159668,918.5159912109375,1039.59716796875,115.09941864013672,183.345947265625,396.673583984375,400.5731201171875,115.93000030517578,228.35403442382812,298.56500244140625,188.83926391601562,79.45977020263672,508.3630065917969,1003.531982421875,298.9394226074219,617.8573608398438,111.93952178955078,182.53497314453125,407.7774658203125,775.8906860351562,86.94000244140625,235.202392578125,194.9318389892578,238.2100067138672,133.72999572753906,1382.719970703125,,443.29998779296875,306.6001892089844,321.92193603515625,132.14364624023438,150.77371215820312
2026-05-15,299.9713134765625,208.90306091308594,435.612060546875,424.1000061035156,324.41412353515625,264.1400146484375,209.16000366210938,1499.8702392578125,424.51812744140625,49.261409759521484,886.6651611328125,1047.284912109375,117.76942443847656,187.72723388671875,392.8283996582031,396.2884216308594,108.7699966430664,224.307373046875,296.4743957519531,179.99856567382812,79.82522583007812,502.85858154296875,1003.4819946289062,284.51959228515625,613.6612548828125,109.93583679199219,176.84637451171875,420.2170715332031,724.5485229492188,87.0199966430664,224.80615234375,192.2810516357422,242.8300018310547,133.99000549316406,1407.6099853515625,,422.239990234375,301.1878967285156,325.1459655761719,131.1360626220703,156.90402221679688
2026-05-18,297.5833435058594,207.92999267578125,412.61529541015625,420.989990234375,322.5052795410156,264.8599853515625,215.1199951171875,1470.48828125,420.0451965332031,50.17200469970703,862.3502807617188,1074.76123046875,118.43692779541016,192.65863037109375,392.61865234375,396.4482421875,108.16999816894531,226.4939422607422,299.3813171386719,175.4467010498047,80.2005386352539,507.5780944824219,986.6761474609375,277.7643127441406,610.64404296875,111.10053253173828,168.88832092285156,421.83056640625,681.4351806640625,89.6500015258789,221.81300354003906,185.96304321289062,247.5500030517578,135.13999938964844,1333.010009765625,,409.989990234375,299.0687561035156,332.023193359375,133.02154541015625,159.45748901367188
2026-05-19,298.7123718261719,212.24923706054688,405.9706726074219,414.04998779296875,328.82830810546875,259.3399963378906,223.14999389648438,1457.554931640625,410.4204406738281,50.18190383911133,858.5573120117188,1092.5828857421875,114.9499740600586,195.54345703125,384.4189147949219,387.1797180175781,110.80000305175781,227.56248474121094,294.3738708496094,173.8614959716797,80.91167449951172,502.8188781738281,1019.9484252929688,273.18756103515625,602.052001953125,112.75875091552734,176.22653198242188,415.7352600097656,698.632568359375,89.33000183105469,220.1068878173828,180.83090209960938,240.1300048828125,135.25999450683594,1383.2900390625,,404.1099853515625,300.77001953125,329.2982482910156,133.87948608398438,161.50424194335938
2026-05-20,301.98956298828125,210.799560546875,425.8646240234375,447.5799865722656,329.6435546875,265.010009765625,256.7300109863281,1548.1278076171875,417.0998840332031,50.706485748291016,870.9442749023438,1072.30517578125,113.92381286621094,189.6746826171875,384.4189147949219,388.4281921386719,118.95999908447266,226.88970947265625,300.625732421875,182.74046325683594,80.54623413085938,503.3752746582031,1017.4120483398438,291.8843994140625,604.499755859375,111.53483581542969,186.75393676757812,419.36053466796875,731.87744140625,88.08999633789062,222.9603729248047,187.50767517089844,246.66000366210938,137.14999389648438,1392.56005859375,,417.260009765625,303.3269348144531,330.1366882324219,130.53749084472656,155.27456665039062
2026-05-21,304.7271728515625,212.9840087890625,426.90350341796875,449.5899963378906,335.4595642089844,268.4599914550781,298.2300109863281,1589.9437255859375,413.9149169921875,50.96383285522461,864.3465576171875,1048.782470703125,117.75946044921875,189.35743713378906,382.99072265625,387.1797180175781,118.5,229.27415466308594,301.6411437988281,184.01002502441406,80.17091369628906,511.2046203613281,1040.1595458984375,302.0272216796875,606.8175659179688,114.37747955322266,190.64297485351562,418.3025207519531,761.9827880859375,89.30000305175781,219.0093994140625,189.11209106445312,252.9199981689453,137.4149932861328,1542.239990234375,,417.8500061035156,296.8700256347656,330.5060119628906,121.05020141601562,154.2909393310547
2026-05-22,308.55389404296875,214.17552185058594,431.6983947753906,467.510009765625,337.32861328125,266.32000732421875,306.510009765625,1630.7908935546875,413.485595703125,51.27066421508789,878.2607421875,1026.6077880859375,119.96123504638672,189.7738037109375,378.90582275390625,382.49554443359375,119.83999633789062,231.85650634765625,305.0059814453125,188.6248016357422,80.47710418701172,514.2549438476562,1063.47607421875,305.13507080078125,609.6949462890625,120.82282257080078,196.28158569335938,417.7835388183594,750.884521484375,88.5999984741211,214.83892822265625,191.41407775878906,260.5799865722656,136.8800048828125,1478.68994140625,,426.010009765625,307.6348876953125,328.2701721191406,119.98275756835938,153.92332458496094
2026-05-26,308.0643005371094,211.61375427246094,454.40411376953125,503.8900146484375,333.9881591796875,265.2900085449219,321.2200012207031,1629.9219970703125,421.3431701660156,51.66657638549805,906.86767578125,1001.3379516601562,117.88898468017578,183.11195373535156,384.3589782714844,388.398193359375,123.5199966430664,229.0503387451172,305.3643493652344,200.91192626953125,79.46965789794922,511.66168212890625,1063.2164306640625,322.4528503417969,611.7730102539062,118.1677017211914,208.20863342285156,415.248291015625,895.7422485351562,87.68000030517578,214.37001037597656,192.3906707763672,256.75,136.60000610351562,1589.550048828125,,433.5899963378906,323.2350158691406,325.8746337890625,118.28681945800781,148.84619140625
2026-05-27,310.5821533203125,213.8776397705078,447.77117919921875,495.5400085449219,334.1074523925781,271.8500061035156,302.7099914550781,1595.80615234375,421.193359375,50.577816009521484,908.2451171875,1002.0967407226562,119.22398376464844,180.82192993164062,384.3489990234375,388.3482360839844,121.7699966430664,230.15489196777344,297.93780517578125,195.49803161621094,80.6153793334961,504.6072998046875,1081.3704833984375,318.7054748535156,634.6718139648438,118.68095397949219,198.65098571777344,411.8946228027344,928.2672119140625,87.3499984741211,212.1151580810547,190.2979736328125,248.47000122070312,132.50999450683594,1589.93994140625,,440.3599853515625,315.8329162597656,327.00250244140625,118.25688934326172,146.948486328125
2026-05-28,312.24072265625,217.08482360839844,449.19964599609375,518.0900268554688,334.5250244140625,274.0,335.2699890136719,1603.6959228515625,425.9059143066406,50.251190185546875,886.0263061523438,993.6202392578125,118.19782257080078,181.4464874267578,385.63739013671875,389.64666748046875,120.88999938964844,229.66729736328125,295.3992614746094,192.54537963867188,79.4202651977539,498.7551574707031,1125.1876220703125,317.7761535644531,634.7017211914062,118.33549499511719,204.77947998046875,426.18768310546875,923.3779907226562,86.36000061035156,213.7613983154297,202.99378967285156,257.7699890136719,143.33999633789062,1641.6400146484375,,442.1000061035156,314.340576171875,324.3474426269531,118.61603546142578,146.01454162597656
2026-05-29,311.7911071777344,216.18125915527344,449.5792541503906,516.0999755859375,334.8332214355469,270.6400146484375,353.2900085449219,1610.6768798828125,446.06402587890625,51.07270431518555,874.2481689453125,954.8019409179688,119.97119140625,180.8814239501953,375.9595031738281,379.8687744140625,114.68000030517578,224.22413635253906,297.9676818847656,191.9540557861328,78.0374984741211,494.4927062988281,1103.4188232421875,317.9560241699219,631.92431640625,117.18067169189453,204.94943237304688,449.3940124511719,970.8507080078125,86.0199966430664,210.6584930419922,224.9972381591797,281.69000244140625,156.5399932861328,1694.97998046875,,435.7900085449219,304.12286376953125,325.75482177734375,115.47355651855469,144.32546997070312
2026-06-01,306.0460510253906,211.4250946044922,457.68060302734375,510.1300048828125,327.2177429199219,261.260009765625,408.8500061035156,1626.4664306640625,459.2431640625,50.98362731933594,863.7576293945312,944.608154296875,120.87779998779297,184.22225952148438,372.11431884765625,375.9037170410156,109.33000183105469,222.41307067871094,295.2499084472656,193.78497314453125,77.67205810546875,494.2145080566406,1080.6513671875,316.8967590332031,599.9139404296875,113.67669677734375,219.37586975097656,459.6546936035156,1035.3408203125,85.8499984741211,223.8483428955078,247.28968811035156,300.4800109863281,160.64999389648438,1761.4300537109375,,415.8800048828125,291.7064514160156,322.1714782714844,114.32630157470703,148.41897583007812
2026-06-02,314.92840576171875,213.8776397705078,489.5265197753906,521.5399780273438,326.352783203125,256.5199890136719,402.7099914550781,1703.167236328125,480.8090515136719,51.9437141418457,908.1253051757812,952.7552490234375,127.52294158935547,185.92738342285156,357.94207763671875,361.4017028808594,107.93000030517578,221.79611206054688,299.6102600097656,204.2891082763672,77.44488525390625,492.7241516113281,1062.6273193359375,334.1745910644531,597.0765991210938,114.15047454833984,290.7182922363281,440.48077392578125,1063.936279296875,83.33000183105469,222.3118438720703,243.73207092285156,297.17999267578125,152.1699981689453,1716.3599853515625,,423.739990234375,306.5504455566406,316.7315979003906,112.78997802734375,148.59780883789062
2026-06-03,309.9926452636719,215.59542846679688,500.2350769042969,542.52001953125,336.2549133300781,250.02000427246094,411.8299865722656,1724.130126953125,478.4727478027344,51.864532470703125,924.4650268554688,960.30322265625,126.02853393554688,188.06869506835938,355.23541259765625,358.54522705078125,112.70999908447266,222.1444091796875,299.50079345703125,212.27108764648438,77.79057312011719,504.30926513671875,1077.236328125,343.4680480957031,622.4031372070312,113.2127914428711,301.5755920410156,426.53704833984375,1079.4039306640625,81.5199966430664,214.26025390625,229.53146362304688,280.42999267578125,142.1999969482422,1831.5,,423.70001220703125,307.0180358886719,311.8207092285156,116.61083221435547,151.5487060546875
2026-06-04,310.9618225097656,223.3502197265625,501.16412353515625,523.2000122070312,343.592041015625,253.7899932861328,393.44000244140625,1755.199951171875,418.248046875,53.6164436340332,938.738525390625,970.8064575195312,129.51548767089844,186.720458984375,368.8084411621094,371.7289123535156,111.77999877929688,227.05020141601562,309.4957580566406,212.86940002441406,75.87445831298828,505.78436279296875,1123.6597900390625,336.1731872558594,626.9888916015625,118.70069885253906,316.3519592285156,427.2456970214844,995.8468627929688,81.55999755859375,218.4156036376953,235.5206298828125,279.25,141.6999969482422,1759.6800537109375,,418.45001220703125,303.814453125,319.5862731933594,117.45880126953125,151.0618438720703
2026-06-05,307.0751647949219,225.62403869628906,452.526123046875,466.3800048828125,347.54888916015625,246.02999877929688,342.92999267578125,1639.6195068359375,385.1204833984375,53.5567512512207,902.6055908203125,970.3272705078125,121.1866455078125,185.689453125,365.3028564453125,368.07342529296875,99.16999816894531,231.6276397705078,310.9691162109375,192.7021942138672,78.50172424316406,506.2328796386719,1129.801025390625,303.0664978027344,592.450927734375,119.22382354736328,263.405029296875,415.8870849609375,863.8771362304688,82.18000030517578,204.87075805664062,212.93917846679688,272.04998779296875,135.52999877929688,1559.3199462890625,,391.0,283.60791015625,322.9700012207031,118.59607696533203,148.9554901123047
2026-06-08,301.2801818847656,221.4934539794922,491.644287109375,490.3299865722656,343.7212829589844,245.22000122070312,346.3900146484375,1746.7808837890625,395.9732971191406,53.357765197753906,913.9445190429688,973.2026977539062,123.68729400634766,187.60276794433594,360.9356994628906,363.0766296386719,110.2699966430664,231.0206298828125,309.7147521972656,210.56800842285156,78.56097412109375,500.27252197265625,1147.505615234375,324.22161865234375,584.8479614257812,117.97029113769531,288.7787780761719,410.9663391113281,949.134033203125,82.63999938964844,208.40679931640625,211.0856475830078,266.3299865722656,136.47000122070312,1642.0,,408.95001220703125,289.41815185546875,319.0772399902344,119.54381561279297,150.77371215820312
2026-06-09,290.29962158203125,223.8268280029297,498.6767578125,475.510009765625,342.5680236816406,244.19000244140625,324.8599853515625,1775.4737548828125,391.5403137207031,54.14375305175781,913.0062866210938,967.052490234375,119.91141510009766,185.1442108154297,362.0549621582031,364.0260314941406,107.91999816894531,235.8368682861328,311.2976379394531,213.69546508789062,80.33881378173828,513.8976440429688,1143.0421142578125,326.9297180175781,584.0487060546875,118.04925537109375,266.8141784667969,402.6520080566406,935.74609375,81.41000366210938,207.95730590820312,205.0964813232422,260.5199890136719,132.07000732421875,1646.5400390625,,396.67999267578125,287.15972900390625,324.4472351074219,118.59607696533203,147.95199584960938
2026-06-10,291.3287353515625,223.3601531982422,496.4791259765625,452.3999938964844,335.76776123046875,238.0,307.42999267578125,1731.949951171875,371.51202392578125,54.263145446777344,854.5746459960938,981.8090209960938,118.35723114013672,188.1579132080078,353.09075927734375,356.1510925292969,107.04000091552734,237.31956481933594,307.75360107421875,213.32289123535156,82.56111907958984,507.4887390136719,1134.743896484375,321.5734558105469,570.4512939453125,117.54586029052734,252.52769470214844,396.61334228515625,891.7428588867188,82.0,200.19598388671875,200.56224060058594,263.2200012207031,130.2100067138672,1643.22998046875,,381.5899963378906,280.5734558105469,322.3611145019531,120.30199432373047,149.65098571777344
2026-06-11,295.375244140625,223.18142700195312,552.0496826171875,488.45001220703125,352.00286865234375,241.50999450683594,342.2300109863281,1897.0264892578125,384.9607238769531,54.87999725341797,895.9678955078125,974.1411743164062,121.37593841552734,184.2123565673828,356.32867431640625,357.5401611328125,116.95999908447266,237.16033935546875,312.0840759277344,240.89173889160156,81.51416778564453,513.7481689453125,1159.2886962890625,362.2648010253906,567.9036254882812,119.1942138671875,280.6407470703125,389.6065673828125,995.7168579101562,81.2699966430664,204.64100646972656,183.4617462158203,279.5299987792969,131.0800018310547,1881.510009765625,,399.1499938964844,295.5865783691406,318.4583740234375,120.21221160888672,145.6568603515625
2026-06-12,290.879150390625,226.12049865722656,566.6441040039062,511.57000732421875,353.1362609863281,238.5500030517578,380.80999755859375,1861.14306640625,381.4662780761719,55.735633850097656,908.8839111328125,980.7905883789062,120.6486587524414,185.60023498535156,357.9276428222656,359.4489440917969,124.56999969482422,239.6878662109375,319.28167724609375,254.25262451171875,81.60306549072266,521.8514404296875,1131.3787841796875,366.5517883300781,566.4549560546875,117.50639343261719,279.6310119628906,390.00579833984375,981.4590454101562,80.33999633789062,204.96066284179688,183.49163818359375,279.6199951171875,127.98999786376953,1980.0999755859375,160.9499969482422,406.42999267578125,299.5860900878906,321.7922058105469,120.75092315673828,146.064208984375
2026-06-15,296.1645812988281,220.02389526367188,585.154296875,547.260009765625,348.4933776855469,246.02000427246094,412.54998779296875,1890.2154541015625,393.3175048828125,55.58639144897461,932.20068359375,977.895263671875,119.72212219238281,178.8392333984375,366.8717956542969,369.1127624511719,127.86000061035156,234.50344848632812,317.96759033203125,256.1305236816406,80.43006896972656,519.768310546875,1127.7340087890625,388.646240234375,593.47998046875,114.22575378417969,308.8038330078125,399.0088806152344,1087.8226318359375,81.66999816894531,212.21253967285156,191.97213745117188,284.5400085449219,134.7100067138672,2107.860107421875,192.5,411.1499938964844,311.74383544921875,323.21954345703125,120.53144836425781,140.01339721679688
2026-06-16,298.9821472167969,220.89767456054688,567.6229858398438,507.2900085449219,345.81903076171875,246.0,396.3399963378906,1801.56005859375,376.1147155761719,56.55147171020508,943.7093505859375,985.11376953125,119.12435913085938,178.55174255371094,370.8592529296875,373.01025390625,117.05000305175781,234.02578735351562,329.6549377441406,237.0620574951172,79.80380249023438,516.4691772460938,1120.893798828125,369.08001708984375,600.2100219726562,114.4941635131836,278.6012878417969,393.0899963378906,1020.60302734375,78.72000122070312,207.1781768798828,187.6770782470703,279.8999938964844,133.25,1991.550048828125,211.38999938964844,404.6600036621094,304.1527099609375,332.5022888183594,120.7409439086914,140.9473419189453
2026-06-17,295.6949768066406,219.66644287109375,592.28662109375,512.47998046875,339.6749267578125,237.5,418.8800048828125,1865.4173583984375,392.2791442871094,56.2430419921875,954.14990234375,964.0572509765625,116.89270782470703,176.04364013671875,361.8650817871094,363.55633544921875,121.0999984741211,233.0506134033203,331.9645080566406,238.46047973632812,79.45587921142578,514.15673828125,1110.4088134765625,374.17999267578125,567.5800170898438,114.76258850097656,289.4685974121094,378.1980285644531,1043.029541015625,76.95999908447266,204.42124938964844,182.8937225341797,282.1300048828125,130.6300048828125,1958.800048828125,191.82000732421875,396.3800048828125,300.34222412109375,329.76739501953125,117.84786987304688,139.8345489501953
2026-06-18,297.7532043457031,214.95994567871094,616.4508056640625,537.3699951171875,335.6385192871094,244.38999938964844,439.4599914550781,1927.1876220703125,410.70001220703125,55.91471862792969,983.9945678710938,949.939697265625,119.09447479248047,172.1278076171875,367.2215881347656,367.7935791015625,133.99000549316406,227.2691192626953,323.761474609375,259.2669677734375,78.91908264160156,510.4689636230469,1096.9979248046875,389.0400085449219,577.219970703125,113.20179748535156,310.5033874511719,378.6871032714844,1133.8155517578125,77.37999725341797,210.4545135498047,183.6510772705078,287.7799987792969,128.47000122070312,2184.75,185.0,400.489990234375,321.21533203125,326.6331787109375,116.90013885498047,136.92340087890625
2026-06-22,296.75408935546875,228.38438415527344,639.4961547851562,551.6300048828125,342.7171630859375,232.7899932861328,407.7200012207031,1926.7581787109375,392.1300048828125,57.07877731323242,1020.3870849609375,949.8397827148438,121.07705688476562,173.54544067382812,348.5537109375,349.45538330078125,140.94000244140625,230.15489196777344,329.993408203125,268.85614013671875,79.0582504272461,515.0139770507812,1100.5029296875,409.5400085449219,563.8499755859375,114.80235290527344,307.7840576171875,366.6497802734375,1211.1937255859375,72.87999725341797,208.41677856445312,174.4630584716797,286.3999938964844,119.5,2273.72998046875,154.60000610351562,405.04998779296875,330.5873718261719,325.994384765625,116.90013885498047,137.57916259765625
2026-06-23,294.04638671875,233.10081481933594,585.2542114257812,519.8499755859375,344.9938659667969,234.11000061035156,366.3900146484375,1776.162841796875,380.1499938964844,57.61603927612305,982.41748046875,956.1597900390625,120.69847106933594,174.4574737548828,345.8554382324219,345.90765380859375,132.27999877929688,237.9066619873047,332.6414794921875,244.2139892578125,79.8336181640625,510.5785827636719,1105.495849609375,371.3299865722656,562.2000122070312,118.8981704711914,278.97119140625,373.23736572265625,1051.6082763671875,72.81999969482422,199.81640625,164.58740234375,290.9200134277344,116.69999694824219,1963.5999755859375,156.11000061035156,381.6099853515625,302.8095703125,327.87091064453125,119.1347885131836,138.83103942871094
2026-06-24,292.8274230957031,233.2299041748047,588.3408203125,519.739990234375,349.3881530761719,234.27000427246094,359.0799865722656,1760.4931640625,382.07000732421875,57.43695068359375,992.6085815429688,959.5643920898438,119.28376770019531,169.9666748046875,344.816162109375,345.0682067871094,131.64999389648438,239.81723022460938,331.95458984375,240.20849609375,80.12190246582031,514.0371704101562,1115.6612548828125,374.79998779296875,557.6699829101562,119.89230346679688,276.63177490234375,364.7733154296875,1048.3487548828125,71.83999633789062,198.77757263183594,156.98385620117188,285.260009765625,113.5,1914.4599609375,154.5399932861328,375.5299987792969,301.5659484863281,331.61395263671875,118.71578979492188,136.01925659179688
2026-06-25,274.91290283203125,241.4215850830078,667.2864379882812,532.5700073242188,350.77008056640625,227.00999450683594,347.7099914550781,1838.8018798828125,378.9100036621094,57.894615173339844,1055.052734375,940.7442626953125,118.52659606933594,170.74984741210938,341.9679870605469,343.48919677734375,132.8699951171875,243.67820739746094,333.6170654296875,258.5078125,79.9429702758789,520.5657348632812,1126.0762939453125,401.82000732421875,542.8699951171875,124.71383666992188,281.1906433105469,352.1670227050781,1213.3734130859375,70.9000015258789,195.52122497558594,151.9314422607422,293.0899963378906,107.2699966430664,2335.0,153.0,375.1199951171875,310.2216491699219,329.9071044921875,115.50347900390625,136.66506958007812
2026-06-26,283.53546142578125,251.55943298339844,626.1704711914062,521.5800170898438,356.248046875,232.69000244140625,334.2699890136719,1792.302001953125,365.0199890136719,57.5861930847168,995.6229858398438,951.0279541015625,113.3459701538086,169.58004760742188,334.4728698730469,337.17327880859375,128.32000732421875,253.4102020263672,327.57427978515625,248.3592987060547,82.13985443115234,517.9144287109375,1206.3912353515625,379.0899963378906,550.25,127.9050064086914,266.7041931152344,372.2691955566406,1132.1558837890625,73.80999755859375,192.31480407714844,148.0150604248047,304.20001220703125,112.93000030517578,2090.7099609375,153.22999572753906,379.7099914550781,283.97601318359375,335.6065368652344,115.41370391845703,135.66156005859375
2026-06-29,281.4972229003906,252.5126495361328,693.8980102539062,539.489990234375,358.4551696777344,240.13999938964844,343.5799865722656,1880.677734375,372.45001220703125,57.5861930847168,1031.27685546875,945.17724609375,117.2613296508789,167.012451171875,351.0520935058594,353.4228210449219,131.72000122070312,257.2413024902344,327.91278076171875,278.0757141113281,82.15974426269531,509.38250732421875,1228.170166015625,410.9100036621094,562.5999755859375,128.62078857421875,277.6814880371094,367.8774719238281,1145.1038818359375,73.77999877929688,194.7520751953125,147.2477264404297,332.0,115.69999694824219,2050.389892578125,164.19000244140625,411.8399963378906,284.0257873535156,341.0164794921875,114.32630157470703,135.18466186523438
2026-06-30,289.11065673828125,249.86151123046875,722.2277221679688,580.9099731445312,360.01605224609375,238.33999633789062,354.57000732421875,1986.870361328125,377.75,56.690757751464844,1062.92822265625,933.9849853515625,117.02222442626953,164.32589721679688,353.1007385253906,357.14044189453125,139.6300048828125,252.7235870361328,325.86199951171875,301.3693542480469,80.78792572021484,517.2366333007812,1197.7137451171875,433.3299865722656,563.2899780273438,127.74594116210938,297.8165283203125,372.319091796875,1154.112548828125,71.4000015258789,199.86634826660156,146.04193115234375,341.0199890136719,116.66999816894531,2273.72998046875,170.86000061035156,420.6000061035156,296.5516357421875,342.45379638671875,112.989501953125,135.8404083251953
2026-07-01,294.1263427734375,249.28561401367188,650.2146606445312,540.8800048828125,359.2306213378906,241.6999969482422,337.4700012207031,1840.6595458984375,369.3399963378906,58.06375503540039,989.57421875,923.2021484375,116.57390594482422,164.25650024414062,357.6578063964844,360.97796630859375,127.0199966430664,252.73353576660156,332.5718078613281,265.8894958496094,80.80780792236328,531.7987060546875,1190.03466796875,391.260009765625,612.9099731445312,124.63431549072266,271.9828796386719,383.5579528808594,1032.121337890625,74.19000244140625,197.35916137695312,142.00596618652344,352.0400085449219,125.7300033569336,2032.219970703125,157.5399932861328,425.29998779296875,296.889892578125,350.4289855957031,108.56010437011719,135.4032440185547
2026-07-02,308.3640441894531,259.2248840332031,602.3958129882812,517.8200073242188,371.9761657714844,242.6699981689453,315.2799987792969,1767.03466796875,360.45001220703125,58.43187713623047,961.7459106445312,950.1593017578125,112.27000427246094,167.7361297607422,355.94891357421875,359.6788024902344,120.3499984741211,261.74908447265625,332.9700012207031,235.28407287597656,83.64089965820312,544.8457641601562,1212.1729736328125,351.4100036621094,582.9000244140625,128.7997283935547,245.2294921875,389.7562561035156,975.4099731445312,77.6500015258789,194.61224365234375,139.78370666503906,348.05999755859375,129.3000030517578,1745.0,162.0,393.45001220703125,291.5870361328125,361.45849609375,111.57289123535156,136.20802307128906
2026-07-06,312.3905944824219,252.95945739746094,592.1567993164062,552.0499877929688,364.3109436035156,244.16000366210938,322.239990234375,1822.712646484375,373.8999938964844,59.59593963623047,968.1240234375,948.7415771484375,113.9800033569336,166.64566040039062,364.6632385253906,366.2245788574219,122.19999694824219,258.0572509765625,337.7200012207031,233.04660034179688,82.46790313720703,538.745849609375,1198.3428955078125,350.20001220703125,600.2899780273438,126.0360336303711,249.20852661132812,386.0133056640625,984.75,76.0199966430664,195.33143615722656,143.2615966796875,357.5299987792969,132.5399932861328,1744.4300537109375,160.4199981689453,419.7699890136719,301.9539794921875,356.5875549316406,110.38573455810547,135.5622100830078
2026-07-07,310.3923034667969,252.85023498535156,553.90771484375,516.1099853515625,365.9613037109375,245.97999572753906,300.42999267578125,1745.023193359375,370.7799987792969,59.5561408996582,938.3792114257812,945.9959716796875,111.79000091552734,172.5045166015625,363.38409423828125,366.7942199707031,110.38999938964844,265.9284362792969,339.2200012207031,216.22561645507812,83.55143737792969,536.4633178710938,1233.7921142578125,326.1300048828125,615.5800170898438,128.1038360595703,230.64309692382812,388.109375,938.3800048828125,76.18000030517578,196.7098846435547,141.1090850830078,337.0400085449219,134.3699951171875,1617.699951171875,149.47000122070312,402.8999938964844,291.805908203125,351.54693603515625,111.27361297607422,140.7784423828125
2026-07-08,313.1199645996094,250.95375061035156,569.890625,517.4099731445312,365.8519287109375,243.6199951171875,300.239990234375,1766.3656005859375,388.69000244140625,58.004058837890625,946.324462890625,951.6170043945312,113.81999969482422,174.44757080078125,358.4772644042969,361.6875305175781,110.23999786376953,262.1072998046875,330.6199951171875,220.93028259277344,82.9052963256836,525.93798828125,1214.0902099609375,333.1499938964844,603.1199951171875,125.25067138671875,231.65286254882812,382.6197204589844,948.7999877929688,75.58999633789062,203.891845703125,140.00294494628906,320.5899963378906,132.22000122070312,1727.1800537109375,148.3000030517578,394.05999755859375,299.78509521484375,346.88555908203125,112.82987976074219,140.2220458984375
2026-07-09,315.947509765625,248.1437530517578,588.0311889648438,546.719970703125,361.50732421875,247.0399932861328,327.8699951171875,1801.9195556640625,401.1099853515625,58.94923782348633,936.6524047851562,911.520751953125,118.30999755859375,172.54417419433594,356.00885009765625,358.65948486328125,112.54000091552734,257.8283996582031,335.4700012207031,229.26087951660156,82.13985443115234,523.8348999023438,1215.2086181640625,353.1700134277344,631.47998046875,124.33607482910156,243.2100067138672,383.6377868652344,991.6400146484375,75.47000122070312,202.5533447265625,143.72000122070312,338.30999755859375,129.0399932861328,1858.27001953125,152.16000366210938,406.54998779296875,306.9583435058594,347.5543518066406,111.94200897216797,136.57565307617188
2026-07-10,315.0483093261719,246.32667541503906,601.8564453125,557.8900146484375,361.2786865234375,245.33999633789062,323.3900146484375,1794.9984130859375,399.9700012207031,59.367103576660156,950.6464233398438,914.7955322265625,121.30999755859375,174.87384033203125,354.7996520996094,356.9505615234375,109.83999633789062,255.7188262939453,336.4700012207031,231.2586212158203,82.99475860595703,528.051025390625,1186.879150390625,350.3299865722656,669.2100219726562,122.81504821777344,235.80999755859375,384.37640380859375,979.2999877929688,73.37000274658203,210.72421264648438,140.63999938964844,325.9100036621094,126.79000091552734,1915.9200439453125,145.3000030517578,407.760009765625,309.8734130859375,348.3229064941406,113.62797546386719,137.9865264892578
2026-07-13,317.03656005859375,246.2472381591797,574.775390625,534.3900146484375,358.35577392578125,247.30999755859375,298.989990234375,1723.8106689453125,384.04998779296875,59.197967529296875,929.7451782226562,924.9594116210938,119.25,180.6236572265625,350.4425048828125,352.2835693359375,103.12000274658203,256.5049133300781,334.5299987792969,221.99908447265625,83.75025177001953,522.33984375,1180.1788330078125,329.9200134277344,656.72998046875,123.30217742919922,217.52999877929688,390.2553405761719,937.0,73.83000183105469,203.30250549316406,131.5399932861328,330.29998779296875,130.0399932861328,1673.969970703125,139.13999938964844,394.760009765625,297.0491027832031,357.08660888671875,114.50586700439453,143.58029174804688
2026-07-14,314.58868408203125,243.0500030517578,595.063720703125,548.1300048828125,353.18597412109375,247.49000549316406,281.1700134277344,1773.3465576171875,389.1099853515625,60.31228256225586,931.6117553710938,920.2868041992188,117.08999633789062,180.18746948242188,357.09814453125,359.2790832519531,107.76000213623047,252.60418701171875,342.8900146484375,230.1099090576172,82.58719635009766,520.8248291015625,1150.890869140625,346.1000061035156,661.0399780273438,120.07124328613281,222.44000244140625,384.20672607421875,983.1199951171875,73.52999877929688,211.5632781982422,127.94000244140625,352.8900146484375,133.72000122070312,1757.8199462890625,136.0800018310547,396.17999267578125,303.9935302734375,355.3598327636719,113.4284439086914,144.15655517578125
2026-07-15,327.2178039550781,244.11000061035156,578.81103515625,529.1400146484375,356.2381286621094,254.9600067138672,277.010009765625,1812.9254150390625,394.2799987792969,61.27735900878906,912.6069946289062,915.0850830078125,111.7699966430664,180.02886962890625,369.96978759765625,370.6817626953125,102.98999786376953,245.8076934814453,346.9100036621094,224.24655151367188,81.96092224121094,512.46240234375,1154.9749755859375,335.42999267578125,681.3099975585938,122.8846435546875,206.25999450683594,394.8866271972656,904.280029296875,73.68000030517578,212.26248168945312,132.49000549316406,354.0199890136719,133.75999450683594,1615.0,135.27000427246094,394.4599914550781,299.6557312011719,354.4814758300781,112.26124572753906,143.58029174804688
2026-07-16,332.97283935546875,254.38999938964844,560.330810546875,500.94000244140625,369.42108154296875,249.88999938964844,262.010009765625,1782.5645751953125,374.45001220703125,61.1778678894043,875.5457763671875,944.0690307617188,109.66000366210938,182.26930236816406,353.5804443359375,354.2322998046875,96.9800033569336,248.7432098388672,343.1499938964844,219.12232971191406,84.41627502441406,519.0307006835938,1167.4970703125,320.9599914550781,664.5399780273438,126.88105010986328,188.3000030517578,400.3463439941406,853.2000122070312,74.3499984741211,207.16818237304688,124.20999908447266,353.989990234375,134.44000244140625,1411.0799560546875,131.11000061035156,391.05999755859375,289.7365417480469,364.4629211425781,114.67546081542969,145.0110321044922
2026-07-17,333.452392578125,254.49000549316406,529.0941772460938,495.760009765625,364.1618347167969,247.22999572753906,267.19000244140625,1745.32275390625,370.8299865722656,60.958984375,878.6500244140625,939.37646484375,111.94000244140625,185.75885009765625,345.89544677734375,346.5472412109375,95.04000091552734,251.7981414794922,341.1000061035156,212.5098114013672,81.07620239257812,511.535400390625,1177.4227294921875,313.29998779296875,646.010009765625,126.75181579589844,188.67999267578125,393.08001708984375,848.9500122070312,68.94999694824219,202.58331298828125,126.41000366210938,358.67999267578125,132.3800048828125,1354.8199462890625,123.98999786376953,380.8399963378906,282.57318115234375,357.8951110839844,113.96715545654297,146.41195678710938
2026-07-20,326.3085632324219,253.3800048828125,525.1384887695312,503.57000732421875,362.0541687011719,249.99000549316406,269.6099853515625,1736.7738037109375,378.1600036621094,60.11329650878906,864.2999877929688,934.3145141601562,110.69999694824219,188.06869506835938,351.14202880859375,351.7638854980469,97.05999755859375,247.59886169433594,338.8699951171875,207.36563110351562,81.63288879394531,510.3692626953125,1145.2589111328125,306.760009765625,645.8499755859375,123.67000579833984,194.94000244140625,401.53411865234375,865.4600219726562,67.5999984741211,203.05279541015625,121.37999725341797,348.6600036621094,134.85000610351562,1390.949951171875,119.8499984741211,369.57000732421875,282.6229553222656,359.9013977050781,111.9320297241211,147.40553283691406
2026-07-21,327.45758056640625,256.1000061035156,563.9469604492188,544.4299926757812,364.1120910644531,247.5500030517578,289.7300109863281,1799.18310546875,386.5,60.909236907958984,889.969970703125,927.7449340820312,112.18000030517578,189.41693115234375,345.96539306640625,346.927001953125,105.44999694824219,249.3800811767578,345.2300109863281,217.3143768310547,81.48377990722656,503.372314453125,1173.7281494140625,322.0,643.8099975585938,125.51908874511719,207.9600067138672,397.00262451171875,970.8200073242188,68.66999816894531,207.0583038330078,127.05000305175781,342.1499938964844,132.66000366210938,1589.4000244140625,123.54000091552734,378.92999267578125,289.81610107421875,355.16021728515625,110.12635803222656,150.73397827148438
2026-07-22,325.60919189453125,253.3000030517578,553.3283081054688,552.3300170898438,363.9232177734375,244.85000610351562,283.3999938964844,1799.5325927734375,396.80999755859375,61.30720520019531,889.3099975585938,925.8380126953125,112.20999908447266,191.31039428710938,341.68817138671875,341.8702392578125,102.62000274658203,254.3754425048828,348.2099914550781,214.44761657714844,81.71240997314453,507.0003662109375,1161.3458251953125,319.2900085449219,627.1699829101562,126.72199249267578,210.99000549316406,389.6065673828125,959.47998046875,68.52999877929688,211.82298278808594,125.83999633789062,335.2799987792969,124.56999969482422,1599.27001953125,115.26000213623047,374.010009765625,292.69140625,352.7646789550781,109.06888580322266,153.4563446044922
2026-07-23,321.3828430175781,256.9200134277344,562.1987915039062,539.6900024414062,369.341552734375,233.66000366210938,283.0400085449219,1800.671142578125,392.4700012207031,60.968929290771484,894.5399780273438,924.5899658203125,112.76000213623047,192.73794555664062,318.1334533691406,317.4859313964844,100.2300033569336,257.99755859375,349.8999938964844,218.48306274414062,80.68852233886719,504.6580810546875,1184.173095703125,319.7799987792969,606.0999755859375,129.71432495117188,209.32000732421875,380.8630065917969,990.2100219726562,68.88999938964844,208.5266571044922,120.04000091552734,325.6300048828125,123.37000274658203,1610.3299560546875,118.23999786376953,319.69000244140625,283.5382385253906,350.9480285644531,108.14111328125,155.88064575195312
2026-07-24,332.7330322265625,259.3599853515625,535.6771850585938,521.9500122070312,373.8551940917969,232.11000061035156,260.010009765625,1754.8204345703125,381.9200134277344,61.735023498535156,888.72998046875,935.030029296875,114.16999816894531,193.104736328125,318.8829650878906,319.53460693359375,92.31999969482422,262.1072998046875,353.2099914550781,210.28233337402344,81.76211547851562,510.5985412597656,1194.318603515625,305.2099914550781,595.1900024414062,130.30087280273438,194.22999572753906,380.9828186035156,920.9500122070312,70.08999633789062,206.6088104248047,114.98999786376953,323.7900085449219,122.91999816894531,1436.56005859375,115.06999969482422,313.0299987792969,278.15582275390625,355.0803527832031,109.20855712890625,155.93032836914062
2026-07-27,336.61968994140625,256.9100036621094,516.337890625,494.95001220703125,374.07391357421875,231.38999938964844,266.3299865722656,1653.1220703125,383.2200012207031,61.81461715698242,873.280029296875,951.5800170898438,114.56999969482422,188.35618591308594,326.3581237792969,326.3502197265625,91.66999816894531,264.6448059082031,356.20001220703125,203.1304168701172,83.57131958007812,505.35577392578125,1195.81640625,291.6099853515625,593.8699951171875,129.99267578125,189.1699981689453,388.368896484375,900.2000122070312,70.4000015258789,196.2903594970703,119.9000015258789,317.32000732421875,131.52999877929688,1278.22998046875,113.5,309.2200012207031,277.9866943359375,361.8577575683594,111.47312927246094,153.7742919921875
2026-07-28,339.78692626953125,263.20001220703125,475.9510498046875,454.6199951171875,390.8160705566406,230.86000061035156,244.74000549316406,1582.949951171875,380.9100036621094,62.302127838134766,840.8499755859375,966.5800170898438,115.58000183105469,185.95712280273438,332.38421630859375,333.4956359863281,86.30000305175781,265.42095947265625,357.30999755859375,190.5845947265625,87.74639892578125,509.5021057128906,1218.913330078125,269.6099853515625,593.4099731445312,131.0464630126953,174.47000122070312,392.61090087890625,820.530029296875,72.38999938964844,196.789794921875,119.95999908447266,319.0,123.52999877929688,1096.0999755859375,116.41000366210938,307.44000244140625,275.6585998535156,365.91021728515625,112.82987976074219,152.055419921875
2026-07-29,337.8985900878906,263.29998779296875,435.9837951660156,429.55999755859375,385.3877868652344,226.64999389648438,224.88999938964844,1550.68994140625,370.32000732421875,60.7599983215332,782.7100219726562,974.030029296875,112.4800033569336,190.20008850097656,335.54217529296875,336.49371337890625,81.87999725341797,264.2268371582031,344.7099914550781,169.99786376953125,88.55160522460938,509.4921569824219,1208.28857421875,252.35000610351562,585.6099853515625,129.59503173828125,163.39999389648438,389.8061828613281,739.0,73.62999725341797,189.79762268066406,117.73999786376953,314.1499938964844,123.0,1015.8900146484375,112.55000305175781,298.32000732421875,269.9179992675781,368.0462646484375,113.94721221923828,155.74154663085938
2026-07-30,333.1426696777344,257.4100036621094,501.2340087890625,485.3900146484375,385.3877868652344,235.5,241.5399932861328,1651.43994140625,387.8399963378906,61.416648864746094,809.1400146484375,954.1699829101562,113.55999755859375,190.6461944580078,333.4635009765625,333.4456787109375,91.12999725341797,254.56451416015625,350.8500061035156,180.1264190673828,87.96509552001953,506.970458984375,1153.3172607421875,297.7200012207031,539.030029296875,129.0283660888672,183.3000030517578,450.2524108886719,874.6599731445312,73.16999816894531,194.82199096679688,127.55999755859375,325.67999267578125,122.26000213623047,1279.9599609375,112.19999694824219,308.8500061035156,277.3399963378906,365.5908203125,110.83465576171875,155.96014404296875
2026-07-31,308.6438293457031,250.94000244140625,507.12774658203125,476.1499938964844,382.92218017578125,271.5799865722656,239.69000244140625,1629.0,389.2799987792969,61.63553237915039,814.8099975585938,951.8900146484375,115.98999786376953,195.12709045410156,356.4186096191406,355.9012451171875,90.19999694824219,255.09190368652344,351.7900085449219,182.6136016845703,87.0704345703125,476.8097839355469,1147.196044921875,293.0199890136719,556.7100219726562,129.4359588623047,187.55999755859375,463.8468017578125,823.030029296875,71.70999908447266,200.52561950683594,129.8699951171875,331.8299865722656,123.05999755859375,1214.8299560546875,108.37000274658203,311.2099914550781,275.739990234375,365.4510803222656,110.93441772460938,154.4399871826172
2026-08-03,303.1585693359375,245.10000610351562,517.656494140625,484.6400146484375,376.6687316894531,284.0199890136719,239.05999755859375,1642.52001953125,392.2300109863281,62.162841796875,830.030029296875,954.0800170898438,115.86000061035156,191.5086669921875,372.22833251953125,373.27008056640625,91.0,253.1614227294922,352.6400146484375,182.54368591308594,86.34477233886719,478.8829345703125,1119.75537109375,294.6099853515625,590.239990234375,127.02022552490234,193.77999877929688,486.73370361328125,829.5,73.33000183105469,206.40904235839844,141.85000610351562,347.1300048828125,125.6500015258789,1288.030029296875,114.52999877929688,322.0799865722656,269.0400085449219,364.991943359375,110.44558715820312,154.0624237060547
2026-08-04,309.1134033203125,243.8000030517578,546.0361328125,518.5800170898438,387.7539367675781,277.4200134277344,280.55999755859375,1711.8900146484375,418.1600036621094,62.580711364746094,876.5399780273438,947.8499755859375,121.73999786376953,188.75271606445312,375.1064758300781,377.40740966796875,100.86000061035156,253.67886352539062,357.5199890136719,195.22933959960938,86.04654693603516,483.04925537109375,1114.0836181640625,317.739990234375,587.9400024414062,127.2488784790039,218.58999633789062,491.884033203125,892.6699829101562,73.56999969482422,211.70310974121094,145.74000549316406,366.3399963378906,162.66000366210938,1427.6199951171875,125.33000183105469,327.3500061035156,283.6300048828125,368.9046630859375,111.28358459472656,152.96951293945312
2026-08-05,310.7320251464844,246.1999969482422,533.6693115234375,482.04998779296875,405.46044921875,272.6499938964844,274.5799865722656,1678.219970703125,418.2799987792969,62.928932189941406,871.0800170898438,941.989990234375,121.5,184.7972412109375,359.8963623046875,362.1971740722656,101.05999755859375,256.3258056640625,359.239990234375,192.58233642578125,86.31494903564453,489.43817138671875,1168.18603515625,307.4200134277344,588.77001953125,127.57694244384766,211.02000427246094,486.5440673828125,893.1900024414062,74.19999694824219,218.9749755859375,144.38999938964844,362.6600036621094,158.42999267578125,1350.5,108.2699966430664,321.54998779296875,277.7200012207031,367.85662841796875,112.07169342041016,150.6544952392578
2026-08-06,312.14080810546875,243.8699951171875,526.9165649414062,489.2799987792969,402.497802734375,272.260009765625,286.67999267578125,1704.3699951171875,420.57000732421875,62.68020248413086,856.9600219726562,949.1500244140625,120.87999725341797,187.59283447265625,356.38861083984375,357.52020263671875,99.80999755859375,255.7188262939453,356.29998779296875,193.00186157226562,86.33482360839844,488.5012512207031,1190.234375,305.7699890136719,589.9000244140625,127.61669921875,210.5399932861328,498.9207458496094,881.469970703125,73.69000244140625,218.7452392578125,143.47000122070312,359.489990234375,155.9199981689453,1258.5799560546875,114.91999816894531,319.5299987792969,278.3999938964844,369.7830505371094,111.8023452758789,153.84384155273438
2026-08-07,313.05999755859375,246.0399932861328,538.5641479492188,483.3599853515625,408.5623474121094,274.4800109863281,282.57000732421875,1740.989990234375,427.760009765625,62.849334716796875,842.1900024414062,947.8200073242188,121.43000030517578,184.94593811035156,353.24066162109375,354.0723876953125,101.6500015258789,257.96771240234375,357.5199890136719,197.88633728027344,86.53364562988281,488.3717041015625,1184.0133056640625,311.3500061035156,592.0999755859375,127.82547760009766,218.72000122070312,499.0505065917969,877.5700073242188,74.13999938964844,223.70968627929688,147.02000427246094,363.8599853515625,172.00999450683594,1212.2099609375,133.11000061035156,328.5799865722656,286.0799865722656,361.82781982421875,111.58287048339844,152.055419921875
2026-08-10,308.260009765625,247.97000122070312,521.562255859375,469.55999755859375,414.7760314941406,278.0899963378906,267.8500061035156,1733.47998046875,422.3999938964844,63.53583526611328,837.5800170898438,952.75,122.56999969482422,193.2237091064453,355.609130859375,357.29034423828125,97.5199966430664,260.5251159667969,359.7900085449219,192.52239990234375,86.3547134399414,490.84356689453125,1230.1771240234375,306.3999938964844,594.9199829101562,130.15174865722656,208.55999755859375,505.109130859375,861.0,76.29000091552734,217.3068389892578,151.0500030517578,385.0400085449219,175.22999572753906,1237.9200439453125,138.74000549316406,330.8800048828125,280.44000244140625,360.6500244140625,112.39093780517578,158.76199340820312
2026-08-11,304.9100036621094,250.08999633789062,525.0485229492188,474.32000732421875,411.89288330078125,272.2699890136719,268.92999267578125,1799.3800048828125,416.0799865722656,63.67512512207031,843.3699951171875,944.3200073242188,120.43000030517578,194.9585723876953,342.7774658203125,343.5791320800781,97.70999908447266,258.52496337890625,362.0400085449219,200.24368286132812,85.96702575683594,488.9198913574219,1213.2813720703125,311.4100036621094,599.1199951171875,129.65467834472656,212.30999755859375,502.86334228515625,868.52001953125,74.79000091552734,217.25689697265625,145.47999572753906,383.79998779296875,174.94000244140625,1271.050048828125,133.2899932861328,332.80999755859375,281.239990234375,362.82000732421875,112.989501953125,158.7719268798828
2026-08-12,302.25,248.75999450683594,547.5645141601562,482.92999267578125,413.761962890625,267.2799987792969,271.8699951171875,1810.0699462890625,416.04998779296875,64.48101043701172,855.5999755859375,949.5800170898438,123.87999725341797,194.8990936279297,342.1478576660156,343.3193359375,100.94999694824219,259.5797424316406,365.17999267578125,208.014892578125,86.1956558227539,477.8563232421875,1218.533935546875,326.1099853515625,578.8499755859375,132.13999938964844,217.0800018310547,491.5047302246094,911.2899780273438,74.20999908447266,223.8395233154297,153.27999877929688,387.010009765625,171.0399932861328,1344.2900390625,146.14999389648438,327.510009765625,276.5899963378906,359.4200134277344,115.7329330444336,158.7222442626953
2026-08-13,305.260009765625,250.82000732421875,533.968994140625,483.010009765625,415.4123229980469,265.1300048828125,278.6499938964844,1847.9000244140625,417.82000732421875,63.76466369628906,854.5999755859375,961.8499755859375,113.47000122070312,195.98956298828125,343.71685791015625,346.13751220703125,104.55999755859375,260.79376220703125,363.1099853515625,209.1336212158203,86.90144348144531,476.63037109375,1207.27001953125,337.010009765625,594.969970703125,134.75457763671875,222.17999267578125,495.9463806152344,949.8300170898438,78.23999786376953,225.04818725585938,156.22000122070312,396.0,179.00999450683594,1528.1099853515625,141.2899932861328,339.9599914550781,273.42999267578125,365.45001220703125,115.4436264038086,157.58958435058594
2026-08-14,305.92999267578125,249.4600067138672,506.63824462890625,514.3900146484375,412.7975769042969,262.6499938964844,279.44000244140625,1844.0799560546875,392.989990234375,64.16263580322266,856.5700073242188,961.0999755859375,111.68000030517578,198.26966857910156,343.3171081542969,345.67779541015625,102.5,259.072265625,362.8399963378906,203.49000549316406,87.18972778320312,481.15545654296875,1180.1600341796875,332.3599853515625,589.8499755859375,135.04286193847656,222.02000427246094,494.4691467285156,971.6599731445312,78.16000366210938,224.90834045410156,150.52000427246094,384.2699890136719,174.0399932861328,1641.1099853515625,140.0,342.2699890136719,279.5799865722656,364.1499938964844,114.99469757080078,159.07000732421875
2026-08-17,305.5899963378906,250.3300018310547,534.7382202148438,506.0,416.943359375,261.30999755859375,271.42999267578125,1883.1199951171875,392.42999267578125,63.56568145751953,881.6500244140625,953.5,112.9000015258789,200.94630432128906,341.2284851074219,343.7790222167969,103.48999786376953,261.0823669433594,360.9599914550781,205.75999450683594,86.46405792236328,472.7730712890625,1183.1600341796875,343.8399963378906,568.969970703125,135.17210388183594,234.3300018310547,479.44744873046875,1011.75,76.0199966430664,224.7584991455078,146.64999389648438,375.760009765625,172.5500030517578,1786.8499755859375,146.22999572753906,339.29998779296875,282.9100036621094,358.8399963378906,114.05694580078125,161.4600067138672
2026-08-18,310.0299987792969,258.9200134277344,513.7806396484375,484.3900146484375,422.80908203125,259.45001220703125,253.32000732421875,1802.97998046875,380.0,63.903961181640625,840.8699951171875,961.3499755859375,111.61000061035156,203.9600067138672,341.0585632324219,343.9789123535156,96.69000244140625,269.7794494628906,363.25,194.7899932861328,88.29314422607422,477.1387023925781,1225.72998046875,327.9200134277344,543.6699829101562,134.37680053710938,216.0,480.72503662109375,940.760009765625,77.7699966430664,219.49440002441406,142.7899932861328,374.1400146484375,171.5399932861328,1625.780029296875,143.33999633789062,336.8699951171875,272.239990234375,364.25,114.92486572265625,165.55999755859375
2026-08-19,316.8299865722656,265.9700012207031,495.6400146484375,466.4200134277344,439.7898254394531,265.8399963378906,249.33999633789062,1751.72998046875,362.4800109863281,62.849334716796875,816.1500244140625,956.989990234375,110.55000305175781,205.75999450683594,341.47833251953125,344.4985656738281,92.80000305175781,272.06817626953125,357.260009765625,187.27000427246094,89.8140640258789,479.5507507324219,1280.3399658203125,307.1700134277344,546.030029296875,151.30686950683594,237.27000427246094,483.3999938964844,937.1099853515625,80.22000122070312,217.31683349609375,143.80999755859375,359.760009765625,175.19000244140625,1568.8699951171875,139.64999389648438,351.1199951171875,267.45001220703125,365.5400085449219,114.02702331542969,164.77000427246094
2026-08-20,311.29998779296875,261.8299865722656,496.2099914550781,469.4599914550781,431.2099914550781,260.1099853515625,250.72000122070312,1750.31005859375,364.0299987792969,61.545989990234375,815.3900146484375,933.510009765625,109.58999633789062,205.77000427246094,337.9805908203125,340.451171875,92.12999725341797,266.0578308105469,351.54998779296875,185.86000061035156,89.96318054199219,479.7102355957031,1244.4000244140625,310.5299987792969,545.8300170898438,148.11570739746094,251.00999450683594,481.1499938964844,974.3300170898438,80.13999938964844,216.60763549804688,142.07000732421875,349.55999755859375,173.9600067138672,1600.6199951171875,134.0,345.1300048828125,265.6000061035156,365.7300109863281,103.59199523925781,166.14999389648438
2026-08-21,309.3500061035156,264.9599914550781,492.32000732421875,473.25,439.3299865722656,258.6300048828125,243.32000732421875,1763.760009765625,368.45001220703125,61.37685012817383,827.9000244140625,947.739990234375,111.04000091552734,205.27000427246094,341.52825927734375,344.5985107421875,90.06999969482422,268.9137268066406,351.5799865722656,183.99000549316406,90.55961608886719,485.9696350097656,1255.4000244140625,314.0,549.9000244140625,151.65481567382812,237.0399932861328,483.239990234375,966.780029296875,79.58999633789062,214.48001098632812,146.47000122070312,357.8699951171875,179.94000244140625,1596.0799560546875,136.97000122070312,362.8599853515625,264.3599853515625,371.0400085449219,103.69999694824219,165.11000061035156
2026-08-24,310.3399963378906,264.5199890136719,484.19000244140625,456.75,443.8399963378906,262.07000732421875,238.77999877929688,1740.1300048828125,358.760009765625,62.01360321044922,811.02001953125,971.4000244140625,110.2300033569336,203.08999633789062,344.3664245605469,347.83642578125,87.26000213623047,271.70001220703125,356.3900146484375,181.57000732421875,91.4443359375,488.4215393066406,1246.9300537109375,310.1700134277344,559.02001953125,149.77590942382812,229.2899932861328,487.30999755859375,910.4299926757812,80.01000213623047,208.24697875976562,142.4499969482422,350.8999938964844,175.88999938964844,1493.1199951171875,135.0,348.95001220703125,258.94000244140625,382.4100036621094,106.48999786376953,164.0500030517578
2026-08-25,309.8999938964844,265.7900085449219,480.0400085449219,479.17999267578125,442.239990234375,261.05999755859375,241.55999755859375,1744.1600341796875,356.739990234375,62.113094329833984,811.2899780273438,960.010009765625,111.11000061035156,199.88999938964844,343.11724853515625,346.73712158203125,87.4800033569336,273.1400146484375,356.69000244140625,183.33999633789062,91.0964126586914,485.600830078125,1233.6600341796875,314.6600036621094,570.0499877929688,155.53192138671875,240.3800048828125,491.7099914550781,932.969970703125,82.2300033569336,212.81187438964844,144.75999450683594,339.8999938964844,172.72999572753906,1480.77001953125,137.9499969482422,350.25,260.04998779296875,384.1400146484375,105.37999725341797,160.63999938964844
2026-08-26,313.45001220703125,262.8999938964844,479.760009765625,480.92999267578125,440.3399963378906,260.2799987792969,251.05999755859375,1745.6400146484375,355.5899963378906,61.91410827636719,821.9299926757812,956.1199951171875,112.36000061035156,200.2100067138672,338.8800048828125,341.7803039550781,88.23999786376953,270.0,356.5,183.8300018310547,89.54566955566406,488.7205505371094,1189.4100341796875,312.8800048828125,576.1400146484375,152.20159912109375,245.11000061035156,496.3699951171875,938.4000244140625,81.45999908447266,209.4256591796875,148.8699951171875,339.30999755859375,177.5,1499.3699951171875,139.6300048828125,345.82000732421875,261.7699890136719,383.8999938964844,104.33999633789062,158.19000244140625
2026-08-27,314.5799865722656,258.1499938964844,482.3599853515625,476.6700134277344,436.989990234375,256.260009765625,255.2100067138672,1735.010009765625,371.5400085449219,60.85948944091797,817.0,934.6599731445312,112.1500015258789,199.77000427246094,337.4908752441406,340.4311828613281,92.08999633789062,265.7699890136719,354.2200012207031,183.77000427246094,88.5317153930664,483.75689697265625,1176.0999755859375,318.5799865722656,571.0999755859375,148.6624755859375,241.4499969482422,505.05999755859375,935.3900146484375,79.83999633789062,227.7251739501953,151.94000244140625,382.8500061035156,185.92999267578125,1484.949951171875,140.8699951171875,354.80999755859375,266.5400085449219,379.6600036621094,102.62999725341797,156.44000244140625
2026-08-28,319.70001220703125,255.47999572753906,461.6700134277344,465.5799865722656,432.4200134277344,266.42999267578125,239.0500030517578,1696.1600341796875,368.7900085449219,62.00365447998047,800.25,945.469970703125,109.93000030517578,201.86000061035156,342.65753173828125,346.36737060546875,89.47000122070312,268.0400085449219,357.6199951171875,175.5399932861328,89.12816619873047,487.90325927734375,1174.6099853515625,301.8999938964844,578.02001953125,147.47946166992188,216.6199951171875,513.530029296875,932.8599853515625,81.72000122070312,217.3068389892578,150.85000610351562,371.5899963378906,186.2899932861328,1484.97998046875,141.5,348.75,258.6400146484375,381.6000061035156,103.08999633789062,156.7100067138672
2026-08-31,316.8500061035156,256.4200134277344,458.3900146484375,470.7200012207031,429.8800048828125,259.7699890136719,241.91000366210938,1696.010009765625,370.3399963378906,61.625579833984375,797.469970703125,943.8900146484375,110.48999786376953,206.13999938964844,335.1923828125,339.13201904296875,89.51000213623047,265.8500061035156,356.0199890136719,175.4499969482422,88.14402770996094,487.9729919433594,1156.72998046875,301.489990234375,572.3400268554688,146.89291381835938,211.66000366210938,507.2900085449219,958.72998046875,81.05000305175781,220.53323364257812,149.1199951171875,382.1300048828125,186.3800048828125,1566.699951171875,143.69000244140625,367.95001220703125,260.9100036621094,379.3699951171875,104.87000274658203,160.9499969482422
2026-09-01,325.1300048828125,259.989990234375,441.8500061035156,459.6099853515625,438.1199951171875,254.9199981689453,234.82000732421875,1665.1400146484375,369.67999267578125,61.675331115722656,779.1599731445312,939.9600219726562,109.73999786376953,211.0500030517578,331.8145751953125,334.8047790527344,88.97000122070312,271.19000244140625,354.95001220703125,170.88999938964844,87.4780044555664,485.16229248046875,1160.0,290.20001220703125,578.5399780273438,148.98060607910156,210.38999938964844,501.0199890136719,933.4400024414062,80.80999755859375,217.1969757080078,141.32000732421875,362.0899963378906,179.9199981689453,1536.8699951171875,142.22999572753906,356.0899963378906,253.33999633789062,372.6700134277344,105.91999816894531,164.5500030517578
2026-09-02,324.9599914550781,261.7200012207031,438.4599914550781,457.05999755859375,442.8399963378906,254.97999572753906,234.86000061035156,1682.300048828125,367.239990234375,62.282230377197266,792.280029296875,928.47998046875,109.45999908447266,211.77999877929688,333.5634460449219,336.9034423828125,90.05000305175781,275.2099914550781,356.2200012207031,172.25999450683594,87.71658325195312,485.85003662109375,1160.0799560546875,288.32000732421875,592.8499755859375,150.75015258789062,206.47999572753906,496.82000732421875,956.0800170898438,82.7300033569336,224.1591796875,145.75,328.4800109863281,169.4600067138672,1553.4000244140625,140.7100067138672,357.010009765625,254.8000030517578,378.3999938964844,106.08999633789062,164.14999389648438
2026-09-03,328.2099914550781,260.2099914550781,435.9100036621094,456.1600036621094,444.1199951171875,258.8999938964844,242.58999633789062,1646.18994140625,357.1600036621094,62.71999740600586,800.1400146484375,925.4099731445312,108.61000061035156,211.32000732421875,338.8599853515625,342.260009765625,91.66999816894531,278.42999267578125,362.05999755859375,172.94000244140625,88.283203125,482.19000244140625,1159.5999755859375,292.6600036621094,610.6799926757812,151.446044921875,208.8300018310547,510.1199951171875,958.1599731445312,82.66999816894531,228.1946563720703,154.0399932861328,331.94000244140625,182.52999877929688,1554.989990234375,149.74000549316406,376.3699951171875,253.8300018310547,378.75,108.41999816894531,162.2100067138672
2026-09-04,319.9700012207031,256.4599914550781,454.7099914550781,477.57000732421875,437.2300109863281,258.510009765625,252.08999633789062,1714.8800048828125,357.8999938964844,62.68000030517578,813.9400024414062,915.739990234375,109.19999694824219,208.60000610351562,335.30999755859375,338.4599914550781,95.80000305175781,275.2300109863281,358.6400146484375,185.60000610351562,87.54759216308594,477.57000732421875,1149.3599853515625,307.6499938964844,616.77001953125,149.44784545898438,223.5500030517578,499.70001220703125,1016.5900268554688,78.25,230.10252380371094,158.77999877929688,333.260009765625,174.3300018310547,1740.0,147.9499969482422,354.0799865722656,258.44000244140625,375.07000732421875,107.13999938964844,159.47000122070312
2026-09-08,316.2200012207031,248.77999877929688,472.7900085449219,505.739990234375,393.1700134277344,256.9700012207031,261.5299987792969,1764.8499755859375,368.55999755859375,62.38999938964844,822.47998046875,910.1799926757812,109.16999816894531,209.8000030517578,335.3800048828125,338.3599853515625,104.47000122070312,269.1199951171875,353.510009765625,188.97999572753906,87.83586883544922,468.3800048828125,1123.9100341796875,320.4200134277344,613.47998046875,147.5888214111328,225.41000366210938,493.95001220703125,1000.260009765625,76.7699966430664,225.47769165039062,162.52000427246094,336.9800109863281,170.3000030517578,1737.989990234375,153.47000122070312,368.1600036621094,258.9200134277344,368.6400146484375,106.05000305175781,160.66000366210938
2026-09-09,315.3399963378906,250.91000366210938,468.8500061035156,521.0999755859375,391.2699890136719,252.39999389648438,264.2300109863281,1729.52001953125,364.3800048828125,62.66999816894531,815.5599975585938,902.5999755859375,109.43000030517578,213.80999755859375,328.3800048828125,330.6499938964844,106.23999786376953,267.0799865722656,354.7099914550781,182.91000366210938,87.03067779541016,466.6499938964844,1124.2099609375,315.8399963378906,653.6900024414062,146.66427612304688,235.00999450683594,491.6499938964844,1027.77001953125,76.02999877929688,223.4199981689453,161.6300048828125,335.1000061035156,169.52999877929688,1764.1700439453125,147.5500030517578,367.80999755859375,261.5899963378906,367.3900146484375,105.83000183105469,164.22999572753906
2026-09-10,326.57000732421875,255.0,454.010009765625,503.6000061035156,382.4700012207031,251.88999938964844,254.17999267578125,1687.4300537109375,360.8299865722656,62.560001373291016,805.0,902.3800048828125,107.44000244140625,212.75999450683594,330.3900146484375,332.6000061035156,100.31999969482422,266.3500061035156,353.55999755859375,177.17999267578125,87.30902099609375,461.6199951171875,1123.0,298.010009765625,644.3800048828125,143.86082458496094,226.9600067138672,492.44000244140625,977.4099731445312,76.01000213623047,218.36000061035156,152.94000244140625,338.489990234375,165.86000061035156,1692.5899658203125,148.17999267578125,363.55999755859375,258.82000732421875,367.2099914550781,105.7300033569336,165.22999572753906
2026-09-11,332.2699890136719,257.1199951171875,456.489990234375,516.1300048828125,377.3500061035156,256.7799987792969,264.7900085449219,1698.300048828125,361.989990234375,62.689998626708984,818.5700073242188,904.77001953125,112.12999725341797,214.05999755859375,335.45001220703125,338.5,102.94000244140625,265.5799865722656,356.2300109863281,180.63999938964844,87.76628875732422,466.2200012207031,1115.699951171875,298.2200012207031,648.030029296875,143.08538818359375,236.10000610351562,495.6300048828125,975.260009765625,77.4000015258789,218.2899932861328,150.27999877929688,330.6499938964844,167.22999572753906,1633.3499755859375,151.2100067138672,365.44000244140625,268.70001220703125,370.45001220703125,107.1500015258789,165.99000549316406
2026-09-14,333.0799865722656,261.7699890136719,424.2099914550781,493.4100036621094,381.5,253.5399932861328,239.00999450683594,1575.1500244140625,344.7200012207031,59.470001220703125,784.0,918.9099731445312,110.05999755859375,212.1699981689453,345.7099914550781,349.3900146484375,97.19000244140625,266.32000732421875,350.1300048828125,169.08999633789062,88.81999969482422,464.4100036621094,1138.280029296875,273.489990234375,665.5999755859375,144.0,218.82000732421875,505.4100036621094,924.030029296875,80.31999969482422,210.9600067138672,144.7899932861328,373.94000244140625,173.30999755859375,1551.989990234375,148.14999389648438,358.9700012207031,263.4200134277344,375.2799987792969,109.08000183105469,165.0800018310547
2026-09-15,331.3399963378906,263.0400085449219,421.1700134277344,504.20001220703125,375.6499938964844,248.4199981689453,241.8300018310547,1591.47998046875,339.2699890136719,59.52000045776367,783.5399780273438,901.3499755859375,110.06999969482422,217.77000427246094,341.42999267578125,344.9800109863281,97.13999938964844,267.20001220703125,352.489990234375,168.02000427246094,88.70999908447266,462.9599914550781,1136.1099853515625,270.8699951171875,670.239990234375,143.7899932861328,221.6999969482422,497.1199951171875,927.5999755859375,77.9000015258789,212.1699981689453,140.35000610351562,375.0899963378906,172.55999755859375,1530.89501953125,143.49000549316406,356.5799865722656,263.42999267578125,375.6199951171875,108.08999633789062,169.32000732421875
2026-09-16,332.4100036621094,262.510009765625,415.3800048828125,512.5,376.3500061035156,245.9600067138672,243.97999572753906,1602.219970703125,339.510009765625,57.900001525878906,782.719970703125,893.739990234375,107.73999786376953,211.5399932861328,339.3599853515625,342.8699951171875,101.05000305175781,267.2799987792969,348.9200134277344,167.36000061035156,87.87000274658203,462.0899963378906,1137.8199462890625,269.2300109863281,673.3099975585938,144.91000366210938,229.7100067138672,490.29998779296875,926.5499877929688,76.41000366210938,213.89999389648438,143.16000366210938,375.6499938964844,174.33999633789062,1519.969970703125,150.8800048828125,358.0799865722656,260.6700134277344,370.92999267578125,107.5,163.32000732421875
2026-09-17,337.0,264.0199890136719,417.3999938964844,545.0900268554688,379.7799987792969,251.19000244140625,264.8999938964844,1629.6700439453125,347.29998779296875,58.18000030517578,798.5700073242188,893.9299926757812,110.23999786376953,211.57000732421875,343.67999267578125,347.3299865722656,108.80000305175781,270.2200012207031,349.30999755859375,168.97999572753906,88.05999755859375,458.4800109863281,1152.43994140625,269.30999755859375,682.3099975585938,147.14999389648438,240.75999450683594,497.75,977.5,75.30999755859375,219.33999633789062,150.58999633789062,375.05999755859375,176.24000549316406,1614.3900146484375,154.80999755859375,366.20001220703125,258.1400146484375,369.92999267578125,106.79000091552734,163.27000427246094
2026-09-18,336.1300048828125,263.9599914550781,444.57000732421875,559.8200073242188,385.6499938964844,253.7100067138672,275.6099853515625,1679.9200439453125,357.6099853515625,57.72999954223633,808.989990234375,895.3099975585938,109.51000213623047,209.50999450683594,344.4100036621094,349.5400085449219,108.5999984741211,269.989990234375,349.6700134277344,176.99000549316406,88.25,460.3999938964844,1152.9300537109375,288.1099853515625,665.75,146.8699951171875,244.25,493.7799987792969,1015.7999877929688,71.79000091552734,222.27000427246094,147.61000061035156,363.5799865722656,177.63999938964844,1791.8199462890625,152.7100067138672,364.2699890136719,266.6400146484375,368.2900085449219,106.7300033569336,163.5399932861328
